,날짜,언론사,기사제목,기사내용,링크
0, 2020.10.11 18:00,머니투데이,DJ·盧정부 독려한 '지주사'…삼성이 3년 전 포기한 까닭,"
			 [머니투데이 심재현 기자] [편집자주] 정부와 정치권이 '공정경제' 명분을 앞세워 그간 기업이 반대해온 상법·공정거래법 개정안 처리 강행에 나섰다. 재계의 반발이 거센 가운데 개정안의 독소조항을 점검하고 대안과 함께 기업 활성화를 위한 추가 입법사항을 찾아본다.[[공정경제 일방통행 기로에 선 재계]2-①공정거래법 개정안 논란] ""지주사 전환에 부정적인 영향을 미칠 수 있는 여러 건의 법 개정이 추진되고 있다. (중략) 지주사로 전환하지 않기로 했다. 향후에도 지주사 전환 계획이 없다.""공정거래법 개정안을 두고 지주사 역차별 논란이 커지면서 3년 전 삼성전자가 지주사 전환 백지화를 발표할 때 내놓은 입장문이 다시 회자된다. 재계와 학계에서 주목하는 문구는 '지주사 전환에 부정적인 영향을 미칠 수 있는 여러 건의 법 개정 추진'이다. 공정거래법 개정안의 규제강화 움직임이 법안 시행 전에 이미 기업의 지주사 전환을 가로막는 걸림돌로 작용한 사례다.정부가 그동안 '투명한 지배구조'를 이유로 대기업의 지주사 체제 전환을 장려해놓고 절대 과반의 국회 의석수를 앞세워 규제를 강화하겠다는 것은 '정책 모순'이라는 지적이 나온다.━40년만의 첫 개정…사회적 비용 외면하나━정부와 여당이 추진하는 공정거래법 개정안에는 '1980년 법 제정 이후 전부개정'이라고 부를 만큼 대대적인 개편 계획이 담겼다. 지주사가 의무 보유해야 하는 자회사 지분율을 상장사의 경우 20%에서 30%로, 비상장사는 40%에서 50%로 높이는 방안이 골자다. 사익편취, 이른바 내부 일감 몰아주기 규제 범위를 총수 일가 보유지분이 30% 이상인 회사에서 20% 이상인 회사로 넓히고 현재 공정위가 전담하는 전속고발제를 폐지하는 방안도 담겼다. 공익법인의 의결권 제한도 추진한다.3년 전 삼성전자의 이사회 결정에서 드러나듯 재계에서는 지주사의 매력을 크게 떨어뜨리는 규제라는 평가가 나온다. 특히 아직 지주사 체제로 전환하지 않은 기업 입장에서는 높아지는 문턱이 부담스러울 수밖에 없다. 한국경영자총협회(경총)에 따르면 지주사 전환시 의무보유 지분율 상향에 따른 자금 부담이 지난해 기준 34개 상호출자제한기업집단(금융그룹 제외·상장사 한정) 가운데 16개 비지주사 기업집단만 합해도 31조원에 달한다. 이 비용을 전부 투자한다고 가정하면 24만4000명의 고용을 창출할 수 있는 규모다. ━""지주사 독려할 땐 언제고""…기업 숨통 턱턱━지주사 제도는 대기업의 순환출자 구조를 해소하는 등 지배구조 투명화를 위한 최선의 방편으로 김대중 정부가 허용하고 노무현 정부가 장려한 제도다. 지배구조가 모범적이라고 평가받는 LG그룹을 비롯해 SK·롯데·GS·현대중공업·한진·CJ·LS·효성 등이 지주사 체제로 전환했다.지주사 전환을 백지화한 삼성그룹을 비롯해 현대기아차그룹 등 지난해 기준으로 자산총액 5조원 이상 59개 대기업집단 가운데 36개는 지주사 전환 전이다.4대 그룹 한 인사는 ""정부가 말로는 지주사 체제 전환을 독려하면서 실제 규제는 지주사 전환 부담을 늘리는 쪽으로 강화하면 어느 기업이 선뜻 지주사 전환을 결정할 수 있겠냐""고 말했다.다른 그룹 인사는 ""당근을 줘도 현실적인 문제 때문에 지주사로 전환하기 쉽지 않은 기업이 수두룩한데 규제를 늘리는 것은 기업의 숨통을 조르는 것밖에 안 된다""고 말했다.━고발 남발 우려…대기업보다 중기가 더 걱정━전속고발권 폐지에 대해선 중소기업에서 더 큰 우려가 나온다. 중소기업 형편상 법무팀이나 담당 직원을 따로 두기 어려운 만큼 검찰의 수사선상에 오르는 것만으로도 회사 존립을 위협받을 수 있다는 염려가 크다.중소기업중앙회 관계자는 ""대기업은 법무팀이나 법률 전문가가 있지만 대부분의 중소기업은 전문인력을 갖추지 못해 수사가 시작되는 것만으로도 타격을 받을 수 있다""며 ""전속고발제를 폐지하려면 중소기업에 법률 전문가를 지원할 수 있는 안전망이 병행돼야 할 것""이라고 말했다.20대 국회 당시 논의에서도 이런 문제가 지적됐다. 2018년 국회 정무위원회 국정감사에서 전재수 더불어민주당 의원은 ""전속고발제를 폐지할 경우 대응력이 약한 중소기업에 더 많은 형사처벌이 이뤄질 우려가 있다""고 밝혔다.경총 관계자는 ""대기업이라고 해서 안심할 상황은 아니다""라며 ""무분별한 고소·고발, 공정위와 검찰의 중복조사 등에 따른 사회적 혼란과 비용 증가는 세심하게 고려해야 할 부분""이라고 말했다.━내부거래 기준 다듬어야…""이대론 대주주 경영 포기할 수밖에""━공정경쟁 보장과 부의 편중화 방지라는 측면에서 내부 일감 몰아주기를 규제해야 한다는 취지에 대해서는 재계에서도 원칙적으로 공감한다. 현행 공정거래법에서 부당한 내부거래의 모호한 기준을 정부가 보다 구체화한 데 대해서도 뒤늦게나마 제도 개선에 나섰다는 평가가 나온다. 정부는 부당 내부거래의 기준을 '상당히' 유리한 조건이나 '상당한' 규모의 거래 등으로 규정한 것을 두고 모호하다는 비판이 이어지자 정상가격과 차이가 7%를 넘거나 당사자간 연간 거래총액이 200억원 이상이고 매출의 12%를 넘어서는 거래로 구체화했다.재계는 다만 지주사의 내부거래 비중이 일반기업보다 높아서 규제가 필요하다는 공정위의 지적은 지나치다는 입장이다. 대한상공회의소 관계자는 ""지주사는 내부 자원을 공유하는 등 내부거래 비중이 높을 수밖에 없는 만큼 지주사 체제 내부거래에 대해서는 예외를 허용할 필요가 있다""고 말했다.기업평가사이트 CEO스코어에 따르면 공정거래법 개정안이 통과되면 일감 몰아주기 규제 대상 기업이 현행 209개사에서 595개사로 늘어난다. 삼성생명·현대글로비스·KCC건설·넷마블·GS건설·㈜LG·SK㈜ 등이 새로 규제 대상에 포함된다.재계 관계자는 ""개정안은 대주주의 보유지분은 낮추게 하면서 지주사는 자회사 지분을 높이기 위해 돈을 더 쓰라고 하는 셈""이라며 ""대주주 중심의 경영을 포기하라는 뜻""이라고 말했다.심재현 기자 urme@mt.co.kr▶부동산 투자는 [부릿지]▶조 변호사의 가정상담소▶줄리아 투자노트 <저작권자 ⓒ '돈이 보이는 리얼타임 뉴스' 머니투데이, 무단전재 및 재배포 금지>머니투데이 관련뉴스해당 언론사에서 선정하며 언론사 페이지(아웃링크)로 이동해 볼 수 있습니다.'세기의 불륜' 우디 앨런, 수양딸에서 아내로…뉴욕 나들이 포착""코로나 99.9% 제거"" 빨간약, 마시면 안돼…""갑상선 이상""'간호사복 논란' 제니의 옷에 적힌 ""검열""…숨은 뜻은?배현진 ""김정은 열병식 통째 중계 '뜨악'…북조선이냐""'골목식당' 덮죽집 사장 호소, 유사 업체에 ""뺏어가지 말라""
",https://finance.naver.com/item/news_read.nhn?article_id=0004482386&office_id=008&code=005930&page=1&sm=
1, 2020.10.11 17:22,파이낸셜뉴스,"삼성, 하반기 사법리스크 ‘긴장’… 경영 차질 우려","
3분기 깜짝실적 불구 22일 재판이부회장·다수 경영진 발 묶일 듯이재용 부회장, 지난 4년동안10차례 소환·70차례 재판 출석임직원도 430여차례 소환조사재판 동안 해외출장 등 힘들어경영공백 따른 위기감 모락모락 삼성전자가 올해 3·4분기 어닝서프라이즈(깜짝 실적)를 기록했지만 오는 22일부터 시작되는 이재용 부회장의 재판 때문에 시름이 깊어지고 있다.   코로나19 위기 상황에도 3·4분기까지 이 부회장의 현장경영으로 대내외 악재를 돌파했지만, 경영권 불법 승계 문제와 국정농단 파기환송심 공판이 본격적으로 시작되면 최고경영자(CEO) 및 임원들의 경영공백이 불가피해지기 때문이다.   11일 재계와 삼성에 따르면 22일은 검찰이 지난달 기소한 경영권 불법 승계 의혹, 26일은 지난 1월 이후 중단됐던 국정농단 파기환송심의 공판준비기일이다. 공판이 본격적으로 시작되면 이 부회장뿐만 아니라 다수의 삼성전자 전·현직 임원들이 법정에 발이 묶이게 된다. 경영권 불법 승계 의혹과 관련, 이 부회장을 비롯 11명의 삼성전자 전·현직 임원들이 관련돼 있기 때문이다.   또 14일에는 삼성바이오로직스 행정소송, 20일에는 강경훈 부사장 등 13명 기소된 에버랜드 노조 와해 사건 항소심, 11월에는 이왕익 부사장 등 7명이 기소된 삼성바이오로직스 증거인멸 항소심 등 사법리스크가 겹겹이 예정돼 있다.   재계 관계자는 ""22일과 26일의 공판준비기일은 정식 재판에 앞서 열리는 사전 절차이기 때문에 피의자들이 굳이 나오지 않을 것""이라며 ""하지만 본격적으로 재판이 시작되면 당사자들이 매주 법정에 나가야 하는 상황이 벌어질 수 있다""라고 지적했다. 실제로 이 부회장은 지난 2016년 11월 이후 4년 가까이 법정 공방을 치르면서 10차례나 소환 조사, 3번의 구속영장실질심사, 70여 차례의 재판 출석을 치른 바 있다. 삼성바이오로직스와 관련해선 총 430여차례의 임직원 소환 조사가 이뤄졌다.   삼성 측은 이 부회장 관련 재판 두 건이 거의 동시에 시작되는 만큼, 경영 차질이 불가피할 것으로 우려하고 있다.   매년 하반기는 연말 인사를 비롯 내년도 경영계획 수립 등으로 최고경영자가 가장 바쁜 시기이기 때문이다.   재계 관계자는 ""기업인에 대한 재판은 사법부가 최대한 빨리 진행한다고 해도 한 달에 절반 이상은 법정에 매여있는 게 일반적""이라며 ""해외 방문 일정을 잡기 힘들고, 아무리 집중력을 높인다고 해도 경영에 '올인'하기는 현실적으로 어렵다""라고 말했다.   아울러 여전히 진행 중인 미·중 간 무역분쟁과 코로나19로 인한 주력사업 분야의 불확실성 등도 삼성이 하반기 상황을 낙관할 수 없는 이유다.   한편 삼성전자는 올 연말까지 2018년에 약속한 국내 투자 180조원 중 130조원과, 4만명 직접 고용을 마무리할 계획이다. 2030년까지 시스템반도체 133조 원 투자계획 중 23조원 투자도 연말 마무리를 목표로 진행 중이다.  ahnman@fnnews.com 안승현 기자   ▶ 헉! 소리나는 스!토리 뉴스 [헉스]▶ '아는 척'하고 싶은 당신을 위한 [두유노우]▶ 날로먹고 구워먹는 금융이슈 [파인애플]  ※ 저작권자 ⓒ 파이낸셜뉴스. 무단 전재-재배포 금지파이낸셜뉴스 관련뉴스해당 언론사에서 선정하며 언론사 페이지(아웃링크)로 이동해 볼 수 있습니다.오정연 ""전 남편과 추억 버리기 힘들다"" 고백하더니 돌연..남편이 바람난다면? 박하선 뜻밖의 대답 ""나는..""김무성, 뜻밖의 고백 ""박근혜 탄핵 주도할 때..""남자친구에 속아 중국에 팔려간 女, 결혼 후 두달 동안..뿔난 나경원 ""돼지 눈엔 돼지만. 날 괴롭히고 싶다면..""
",https://finance.naver.com/item/news_read.nhn?article_id=0004508325&office_id=014&code=005930&page=1&sm=
2, 2020.10.11 16:48,헤럴드경제,삼성전자 깜짝실적에 특별주주환원 기대감 UP,"
[헤럴드경제=김유진 기자] 삼성전자가 올 3분기 시장 기대치를 뛰어넘은 깜짝 잠정실적을 기록하면서, 올 4분기 마무리될 삼성전자의 주주환원을 위한 재원이 상당부분 축적될 것이란 전망이 나온다. 메리츠증권 등은 삼성전자가 현 4분기 영업이익 추정치(10조9000억원)에 상향조정 가능성이 남아있다고 전망했다. 삼성전자가 3분기에 이어 4분기에도 기대치를 상회한 실적을 내놓을 것이란 전망이 나오면서, 특별 주주환원을 향한 기대감도 커졌다.김선우 메리츠증권 연구원은 ""현재 발생 하고 있는 실적 개선으로 투자재원이 늘어나면서, 올 4분기 주주환원 규모는 확대될 것""이라며 ""당사의 기존 추정치를 기반으로 9조4000억원이 특별주주환원으로 지급되리라 추정된다""고 밝혔다.이는 삼성전자가 주주의 예측 가능성을 제고하기 위해 2017년 10월 2018~2020년(3개년) 주주환원정책을 발표한 데 따른 전망이다. 당시 삼성전자는 2018년부터 2020년까지 3년간 잉여현금흐름(FCF)의 50%를 주주환원 재원으로 활용하며 매년 9조6000억원 수준의 배당을 진행한다는 내용이었다.삼성전자 3분기 잠정실적이 예상치를 뛰어넘으면서 특별주주환원 규모는 더욱 확대될 가능성도 열려 있다. 삼성그룹 지배구조를 감안하면 자사주 매입보다는 특별배당 형식의 주주환원 가능성이 높지만, 다양한 주주 수요를 감안 해 자사주 매입 형태로 일부 포함될 수 있다는 관측도 나온다.kacew@heraldcorp.com▶엄마들이 꼽은 NO.1 화상영어..무료체험▶헤럴드경제 네이버 채널 구독 ▶농수축산물 소비캠페인 - Copyrights ⓒ 헤럴드경제 & heraldbiz.com, 무단 전재 및 재배포 금지 -헤럴드경제 관련뉴스해당 언론사에서 선정하며 언론사 페이지(아웃링크)로 이동해 볼 수 있습니다.주호영 ""재인산성, 불통의 성벽…집회·시위의 자유 압살해""바이든 54% vs. 트럼프 42%…바이든, 12%P 차로 앞서국방부 ""군사력 선제적 사용 않겠다는 北 입장 주목""…공동조사·통신선 복구 등 촉구이재환 원스토어 대표 ""구글 성매매앱 유통? 너무 황당해!"" [IT선빵!]포항 덥죽집 사장 ""뺏어가지 말라"" 호소 왜? 레시피 표절 논란
",https://finance.naver.com/item/news_read.nhn?article_id=0001735691&office_id=016&code=005930&page=1&sm=
3, 2020.10.11 16:28,아시아경제,"3분기 깜짝실적 삼성전자, 4분기 전망은","
[아시아경제 이창환 기자] 삼성전자의 3분기 실적이 시장 기대치를 크게 상회하면서 4분기 실적에 대한 기대감도 커지고 있다. 업계에서는 계절적 영향으로 삼성전자의 4분기 실적이 3분기에 비해 감소할 수 있다고 보고 있다. 그러나 3분기와 마찬가지로 기대치를 넘어서는 실적이 다시 나타날 수도 있다고 봤다.11일 하나금융투자는 삼성전자의 3분기 잠정 영업이익이 12조3000억원으로 예상을 크게 상회했다고 밝혔다. 3분기 실적은 세트사업부에 해당하는 CE(소비자가전)와 IM(IT·모바일)사업부가 견인한 것으로 분석했다.IM 사업부의 경우 중저가 모델 중심으로 스마트폰 출하량이 8000만대를 기록하며 수익성이 개선됐고, 중저가 제품 포트폴리오의 물량 증대 효과로 기존 대비 이익률이 높아졌으며, 온라인 채널의 판매 비중이 확대된 것이 수익성 개선에 도움을 줬다.스마트폰 출하 호조는 IM 부문 뿐만 아니라, 반도체와 디스플레이 부문에도 긍정적 영향을 끼쳤다. 디스플레이 부문의 경우 북미 모바일 고객사의 신제품 출시 연기가 OLED(유기발광다이오드) 생산라인 가동률 회복을 예년보다 늦췄지만, LCD(액정표시장치) 사업부에서의 패널 가격 상승 및 TV, IT 수요 호조로 실적이 선방했다.4분기 전사 영업이익은 어떤 흐름을 기록할까? 하나금융투자는 기존에 삼성전자의 4분기 영업이익을 9조5000억원으로 추정했다. 그러나 3분기의 이익 창출 능력이 예상을 상회했다는 점을 감안하면 4분기 영업이익 추정치를 10조 원 이상으로 상향 조정해야 할 것이라고 밝혔다. 부문별로 반도체 5조원, 디스플레이 1조3000억원, CE 1조원, 하만 2000억원, IM 3조3000억원이다. 합치면 기준으로는 10조8000억원이다. 3분기에 다소 미치지 못하지만 이익이 10조원을 다시 넘어선다. 김경민 하나금융투자 수석연구위원은 ""삼성전자의 4분기 영업이익은 전통적으로 3분기 대비 감소하고 크게 늘어나기 어렵다""며 ""IM 사업부의 영업이익이 4분기에 통상적으로 전 분기 대비 감소하기 때문""이라고 설명했다. 김 연구위원은 다만 ""삼성전자의 이익 창출 능력이 개선되고 있어 기존 추정치 대비 3분기 영업이익은 개선될 것""이라고 덧붙였다.이창환 기자 goldfish@asiae.co.kr▶ 2020년 하반기, 재물운·연애운·건강운 체크!▶ 네이버에서 아시아경제 뉴스를 받아보세요▶ 요즘 트렌드 모아보고 싶을 땐 '드링킷'<ⓒ경제를 보는 눈, 세계를 보는 창 아시아경제 무단전재 배포금지>아시아경제 관련뉴스해당 언론사에서 선정하며 언론사 페이지(아웃링크)로 이동해 볼 수 있습니다.""제 메뉴 뺏지마세요 제발"" 골목식당 '덮죽집'의 호소'테러' 당하는 장동민, 자동차 이어 집까지… ""공포""어머니 상대로 법정 소송까지…금수저 여성의 막장스캔들""독일차 불매하자""…獨 소녀상 철거 지시에 '들썩'""지지율 오를 만도 한데""…여론조사 뒤흔드는 '숨겨진 힘'
",https://finance.naver.com/item/news_read.nhn?article_id=0004769854&office_id=277&code=005930&page=1&sm=
4, 2020.10.11 16:20,한국경제,QLED 8K TV·비스포크 냉장고… '실적 효자' 된 삼성전자 혁신 ...,"
[창간 56주년] 다시 뛰는 국가대표 기업들삼성전자가 올해 전략상품으로 밀고 있는 QLED 8K TV. 제품에 적용된 'AI 퀀텀 프로세서'가 원본 영상의 화질을 업그레이드해준다.   삼성전자 제공올 들어 삼성전자는 신종 코로나바이러스 감염증(코로나19)사태가 무색할 정도의 놀라운 실적을 이어가고 있다. 증권가에서는 올해 삼성전자의 매출을 235조원, 영업이익을 35조원 안팎으로 예상하고 있다. 지난해보다 매출은 5조원, 영업이익은 7조원가량 늘어날 것이란 관측이다.캐시카우인 반도체가 버팀목 노릇을 톡톡히 해주는 가운데 QLED 8K TV를 필두로 한 혁신 가전 제품들이 기대 이상의 성과를 내고 있다는 것이 삼성 측 설명이다. QLED 8K TV, 비스포크 냉장고, 그랑데 AI 세탁기·건조기 등이 삼성전자의 대표적인 효자 상품으로 꼽힌다.삼성전자는 글로벌 TV 시장의 절대강자다. 2006년 와인 색깔을 입힌 ‘보르도 TV’를 내놓으며 TV업계의 맹주였던 소니를 꺾은 것이 시작이었다. 그 후 14년간 삼성전자는 한 번도 업계 1위 자리를 내준 적이 없다. 올해의 전략 제품은 화질을 개선한 QLED 8K TV다. 삼성전자는 올해 QLED 8K 모델 수를 두 배로 확대했다. 코로나19로 집에 머무는 기간이 길어지면서 고화질을 즐기려는 소비자가 늘어날 것으로 본 것이다.2020년형 QLED 8K TV엔 머신러닝과 딥러닝 방식을 결합한 ‘AI 퀀텀 프로세서’가 들어간다. 원본 영상의 화질에 관계없이 8K 수준의 고화질로 변환해준다. TV와 다른 기기 간 연결이 쉬워졌다는 점도 올해 나온 제품의 특징 중 하나다. ‘탭뷰’ 기능이 새롭게 적용돼 스마트폰을 TV에 터치하기만 하면 바로 ‘미러링’이 가능하다. 스마트폰으로 수신한 유튜브 영상을 TV로 즐길 수 있다는 얘기다. 대형 TV 마케팅에도 힘쓰고 있다. ‘거거익선(巨巨益善)’ 트렌드에 발맞춰 75인치 이상 모델 수를 작년 11개에서 19개로 확대했다.생활가전 부문에선 개인화된 프리미엄 가전을 전면에 내세우고 있다. 삼성전자 생활가전 사업의 모토는 ‘프로젝트 프리즘’이다. 빛이 프리즘을 통과하며 다채로운 색상으로 투영되는 것처럼 삼성 가전이 다양한 소비자의 취향을 반영하겠다는 의미를 담고 있다. 첫 결과물은 지난해 6월 나온 비스포크 냉장고다. 패널의 색깔을 소비자 마음대로 바꿀 수 있다.비스포크 제품군들은 인테리어와 주방가전의 경계를 없앤 제품으로 꼽힌다. 이를 위해 삼성전자는 제품의 크기를 표준화했다. 국내 주방가구의 평균적인 깊이를 감안해 냉장고의 깊이를 700㎜ 이하로 설계, 냉장고의 돌출을 막았고 높이도 1853㎜로 통일했다. 2도어 제품을 사용하던 1인 가구 소비자가 결혼한 뒤 1도어를 추가했을 때를 가정한 것이다. 크기가 통일돼야 원래부터 하나의 제품인 것처럼 전체 주방 인테리어와 조화를 이룬다는 것이 회사 측 설명이다. 선택의 폭도 다양해졌다. 최근엔 와인과 맥주, 화장품 등을 따로 보관할 수 있는 소형 냉장고 ‘큐브’가 비스포크 라인업에 추가됐다. 신발건조기 등 마니아를 겨냥한 제품도 준비 중이다AI(인공지능)를 접목한 ‘그랑데 AI’ 세탁기와 건조기도 눈여겨볼 제품이다. 소비자 개개인의 사용 습관에 맞춰 세탁과 건조 패턴을 바꿔준다. 먼지에 민감해 일반적인 사용자보다 세탁을 오래하는 사용자가 꾸준히 이 제품을 쓰면 별도의 조작이 없어도 세탁 시간이 길어지는 식이다.이재승 삼성전자 생활가전사업부장은 “비스포크 냉장고가 디자인과 감성의 혁신이었다면 그랑데 AI는 인공지능을 통한 소비자 경험의 혁신을 보여주는 제품”이라고 소개했다.송형석 기자 click@hankyung.com▶ #믿고 보는 #기자 '한경 기자 코너'▶ 네이버에서 한국경제 뉴스를 받아보세요▶ 모바일한경 구독신청 ⓒ 한국경제 & hankyung.com, 무단전재 및 재배포 금지한국경제 관련뉴스해당 언론사에서 선정하며 언론사 페이지(아웃링크)로 이동해 볼 수 있습니다.'고객 뺏길라'…이재용, 네덜란드행 이유 있었다임대업으로 월수입 무려…'투잡' 뛰는 공무원들""집도 안 보고 계약했는데 복비 달라네요""'볼보 S90' 이 정도였어?…펑크 나도 몰랐다'애물단지'가 '보물단지'로…외화 동전의 대반전
",https://finance.naver.com/item/news_read.nhn?article_id=0004429547&office_id=015&code=005930&page=1&sm=
5, 2020.10.11 16:20,한국경제,"삼성 ""어려울 때일수록 과감하게""…코로나에도 '공격 투자'","
[창간 56주년] 다시 뛰는 국가대표 기업들'180조원'이재용 삼성전자 부회장이 2018년 8월에 제시한 2018~2020년 삼성 계열사 국내외 투자 총액. 투자 계획 대부분을 이행했으며 연말 전에 목표를 달성한다는 것이 삼성 측 설명이다. 국내 투자는 초과 달성이 예상된다.삼성전자의 '공격 투자'를 상징하는 경기 평택 사업장의 항공 사진. 30조원을 투입한 두 번째 반도체 공장이 최근 가동을 시작했다.   삼성전자 제공경기 평택 3공장(30조원), 화성 극자외선(EUV) 파운드리(반도체 수탁생산) 생산라인(7조4000억원), 평택 EUV 파운드리·낸드플래시 라인(18조원), 중국 시안 메모리 반도체 라인(17조원)….이재용 부회장최근 삼성전자가 단행한 투자 목록이다. 반도체 등 주요 핵심 사업에 대규모 자금이 투입됐음을 알 수 있다. 신종 코로나바이러스 감염증(코로나19)으로 주요 기업이 투자를 줄이고 있지만 삼성의 행보는 정반대다. 예년보다 오히려 투자 규모를 더 늘렸다.이재용 삼성전자 부회장은 최근 공식석상에서 “어려울 때일수록 미래를 위한 투자를 멈춰서는 안 된다”는 뜻을 여러 번 밝혔다. 과감한 투자를 통해 초격차를 유지하는 동시에 새로운 먹거리들을 찾겠다는 메시지가 담겨 있다. 상반기에만 27조원 투자삼성전자 반기보고서에 따르면 이 회사는 코로나19가 한창이던 올해 상반기 연구개발(R&D) 예산으로 10조5800억원을 집행했다. 상반기 기준으로 사상 최대 금액이다. 지난해 상반기보다 5000억원을 더 집어넣었다. 매출 대비 R&D 예산 비중은 9.8%에 달했다. 시설투자는 총 17조1000억원으로 나타났다. 반도체 관련 투자가 14조7000억원에 달했다. 회사 관계자는 “시장상황에 맞게 탄력적으로 시설투자를 집행하고 있다”며 “시스템 반도체 등 미래를 위한 투자는 차질없이 진행할 계획”이라고 설명했다.고용 확대에도 신경 쓰고 있다. 국내에서 일하는 삼성전자의 직원은 지난 6월 말 기준으로 10만6700여 명이다. 지난해 말(10만5257명)보다 1400여 명 늘었다. 시설투자가 집중된 반도체 분야에서 신규 채용이 많았다.삼성전자의 공격적인 경영은 이 부회장이 주도하고 있다. 그는 올 들어 현장경영을 이어가며 미래 기술이 얼마나 준비됐는지를 점검하고 있다. 1월 경기 화성 DS부문 사장단 간담회를 시작으로 최근까지 20여 차례 현장을 방문했다. 이 부회장이 임직원들에게 주문한 키워드는 혁신과 도전이다.이 부회장은 3월 경기 수원 삼성종합기술원에서 “국민의 성원에 우리가 보답할 수 있는 길은 혁신”이라며 “어렵고 힘들 때일수록 미래를 철저히 준비해야 한다”고 강조했다. 7월 차세대 반도체 패키징 기술을 개발하는 충남 온양 사업장을 방문했을 때는 “머뭇거릴 시간이 없다. 도전해야 도약할 수 있다”는 메시지를 내놨다. 평택에 EUV 파운드리 생산라인 구축8월 가동을 시작한 평택 2공장은 삼성전자의 ‘공격 투자’를 상징하는 곳이다. 2018년 착공한 이곳은 세계 최대 반도체 공장이다. 연면적이 12만8900㎡로 축구장 16개 크기다. 투자금액만 30조원이 넘는다.삼성전자는 이곳에서 EUV 노광공정을 적용한 3세대 10나노급(1z) LPDDR5 모바일 D램을 생산 중이다. 10나노급은 반도체 미세회로의 선로폭이 10나노미터(㎚, 1㎚=10억분의 1m)대라는 뜻이다. 같은 10나노급이어도 10나노 후반은 1y, 중반은 1z로 부른다. 앞서 삼성전자가 생산한 2세대 10나노 D램은 1y 제품이었다.평택 2공장의 한쪽은 여전히 공사 중이다. 업계에서 주목하는 곳은 10조원이 투입된 파운드리 라인이다. 2018년 삼성전자가 평택 2공장을 착공할 때만 해도 파운드리 설립 계획은 없었다. 업계 관계자는 “파운드리 신설은 새로운 고객사를 다수 확보했다는 뜻”이라며 “올해 2월 가동을 시작한 화성의 V1 EUV 전용 라인만으론 주문을 처리하는 것이 힘들다고 판단했을 것”이라고 말했다.삼성전자는 최근 7나노 EUV 기술을 적용한 IBM의 차세대 서버용 파워10 프로세서를 수주하는 등 고객사 확보에 주력하고 있다. 평택 파운드리 라인의 가동시점은 2021년 하반기다.평택은 낸드플래시 생산 거점이기도 하다. 삼성전자는 5월 평택 2라인에 낸드플래시 생산을 위한 클린룸 공사에 들어갔다. 증설된 라인은 2021년 하반기 가동을 시작한다. 삼성전자의 최첨단 V낸드 제품이 양산될 예정이다. 회사 관계자는 “코로나19로 인한 ‘언택트’ 라이프스타일 확산이 낸드플래시 수요에 보탬이 될 것”이라고 설명했다.송형석 기자 click@hankyung.com▶ #믿고 보는 #기자 '한경 기자 코너'▶ 네이버에서 한국경제 뉴스를 받아보세요▶ 모바일한경 구독신청 ⓒ 한국경제 & hankyung.com, 무단전재 및 재배포 금지한국경제 관련뉴스해당 언론사에서 선정하며 언론사 페이지(아웃링크)로 이동해 볼 수 있습니다.'고객 뺏길라'…이재용, 네덜란드행 이유 있었다임대업으로 월수입 무려…'투잡' 뛰는 공무원들""집도 안 보고 계약했는데 복비 달라네요""'볼보 S90' 이 정도였어?…펑크 나도 몰랐다'애물단지'가 '보물단지'로…외화 동전의 대반전
",https://finance.naver.com/item/news_read.nhn?article_id=0004429546&office_id=015&code=005930&page=1&sm=
6, 2020.10.11 14:39,서울경제,[비즈카페]전통의 강호 다이슨 밀어낸 삼성...LG와 무선청소기 양강구...,"
오프라인 시장점유율 40% 후반으로 급상승먼지 비워주는 ‘청정스테이션’ 출시로 인기 몰이무게·가격↓ 제트 200W SE 출시로 대중화도북미ㆍ유럽 등 해외 시장 공략에도 박차[서울경제] 삼성전자(005930)가 국내 무선청소기 시장 개척자였던 다이슨을 밀어내고 LG와 양강구도를 형성했다. 11일 관련 업계에 따르면 오프라인 매장 기준 삼성전자의 무선청소기 시장 점유율(7월 기준)은 40% 후반대로 올라섰다. 한때 80%가 넘는 시장점유율을 자랑했던 다이슨을 크게 따돌리며 1위인 LG전자와 양강구도를 형성한 모양새다. LG전자의 오프라인 점유율은 50%에 근접한 것으로 알려져 있다. 국내 프리미엄 스틱(무선)청소기 시장 규모는 지난 2015년 다이슨의 시장 진출 이후 매년 30~40% 증가해왔다. 연간 판매대수는 2016년 50만대에서 올해 180만대로 급증할 것으로 보인다. 2015년 다이슨이 100W 이상의 프리미엄 무선청소기인 V6 모델을 도입하면서 소비자들은 무선청소기의 편리함과 흡입력, 고성능의 브러시 등에 열광했다. 2016~2017년만 해도 다이슨의 국내 시장 점유율은 80%에 달했다. 하지만 다이슨이 AS와 품질 문제 등으로 주춤하자 국내 브랜드들이 이 같은 빈틈을 파고들었다. LG전자는 2018년 물걸레 기능을 탑재한 ‘코드제로’를 출시하며 판을 흔들었다. 삼성전자도 지난해 삼성 제트(사진)를 출시하면서부터 급속히 시장 점유율을 확대해왔다. 최근 무선청소기 시장의 성장세는 이들 브랜드들이 이끌었다. 삼성전자 제트 무선청소기는 특히 올해 성장세가 두드러졌다. 올 3월부터 6개월간 삼성 제트 판매량은 지난해 같은 기간보다 약 4배 증가했다. 이 같은 배경에는 올해 야심작으로 출시한 제트 전용 자동 먼지배출시스템 ‘청정스테이션’이 큰 영향을 미쳤다. 청정스테이션은 내부 공기압 차이를 이용해 먼지통에 쌓인 먼지를 간편하게 비워주는 제품이다. LG와 다이슨에 없는 기능이다. 개발팀은 청소기 성능 강화보다도 소비자들의 먼지 걱정에 초점을 맞췄다. 청소기를 사용하는 전 과정에서 먼지를 흡입할 걱정을 하지 않도록 하자는 고민 끝에 해당 제품을 개발했다. 이 같은 기능은 입소문을 타며 신종 코로나바이러스 감염증(코로나19) 확산에 위생가전을 구매하려는 소비자들의 니즈와 맞아떨어져 실제 구매로 이어졌다. 삼성전자에 따르면 제트를 구매한 소비자의 85% 이상이 청정스테이션을 함께 구입했다. 고가의 프리미엄 가전으로 여겨졌던 무선청소기는 대중화 스텝을 밟고 있다. 삼성전자는 최근 기존 제품 대비 무게와 가격 부담을 20만원 이상 낮춘 ‘삼성 제트 스페셜에디션(SE)’를 출시했다. 이를 앞세워 LG전자를 넘어 무선청소기 시장의 강자가 되겠다는 계획이다. 해외시장 공략도 가속화하고 있다. 삼성 제트는 지난해 5월 러시아 출시를 시작으로 현재 북미·중남미·유럽 등 21개 해외법인에 판매되고 있다./변수연기자 diver@sedaily.com[서울경제 바로가기]▶ 상위 1%가 선택한 오늘의 PICK은 [주식 초고수는 지금]▶ 네이버 채널에서 '서울경제' 구독해주세요!저작권자 ⓒ 서울경제, 무단 전재 및 재배포 금지서울경제 관련뉴스해당 언론사에서 선정하며 언론사 페이지(아웃링크)로 이동해 볼 수 있습니다.[단독] 하루 아침에 탈세자 된 '체납추적 공무원'속 터져서 폭소로 바뀐 강경화의 ""남편은 못 말려""[단독]""수색현장 가겠다"" 유족 요청 일방적 거절한 당국""'돈쭐'내주고 싶다"" 소방관에 전시장 내준 벤츠 사연하태경 공무원 피격사건 추모글에 민경욱 ""XX을 하세요""
",https://finance.naver.com/item/news_read.nhn?article_id=0003808898&office_id=011&code=005930&page=1&sm=
7, 2020.10.11 13:55,아시아경제,"삼성전자, 3분기 스마트폰 사업부 호조… ""내년 3억대 이상 팔릴 것""","
3분기 IM 본부 영업이익 4조5200억원 추정대신증권, 삼성전자향 부품업체 이익 증가 전망[아시아경제 이민지 기자] 내년까지 삼성전자의 스마트폰 판매량이 늘어날 수 있다는 전망이 나왔다. 스마트폰 사업본부(IM)가 3분기 호실적을 기록한 것으로 추정되는 가운데 내년에도 3억대 이상의 스마트폰을 판매할 것으로 예상된다.11일 대신증권에 따르면 삼성전자 IM 본부는 3분기 최대 영업이익을 기록했을 것으로 추정된다. 스마트폰 판매량을 보면 전 분기 대비 47.6% 증가한 7978만대로 추산된다. 지난 2017년 3분기(8254만대) 이후 최고 수준을 기록했을 것으로 보인다.삼성전자가 연결 기준 올해 3분기 영업이익이 12조3천억원으로 지난해 동기보다 58.1% 증가한 것으로 잠정 집계됐다고 공시한 8일 서울 서초구 삼성전자 사옥 홍보관 모습. 매출은 66조원으로 작년 동기 대비 6.45% 증가했다./김현민 기자 kimhyun81@태블릿PC 판매도 처음으로 분기 기준 1000만대를 넘어섰을 것으로 예상된다. 세트(완제품) 판매 증가로 3분기 IM부문의 매출액은 전 분기 대비 48% 증가했을 것으로 보인다. 영업이익은 4조5200억원을 기록해 2017년 2분기(4조600억원) 이후 다시 4조원대의 호실적을 냈을 것으로 관측된다.실적호조는 갤럭시노트20과 갤럭시폴드2 출시로 평균 판매가격(ASP)이 전분기대 대비 2% 상승한 영향을 받은 것으로 분석된다. 또 보급형(갤럭시 A시리즈) 모델의 판매량이 늘면서 전체 매출은 크게 늘어난 것으로 추산된다. 박강호 대신증권 연구원은 “온라인 판매 확대와 경쟁 완화로 마케팅 비용도 예상 대비 감소해 추가로 마진율이 개선됐다”며 “전체 모델 수의 축소와 부품 공용화로 원가경쟁력이 높아졌고 미국의 화웨이 제재와 인도와 중국의 무역분쟁으로 반사이익을 누렸다”고 설명했다.내년 연간 스마트폰 예상 판매량은 3억대로 올해보다 14.3% 증가할 것으로 예상된다. 2017년(3억1500만대) 이후 다시 3억대 수준으로 올라설 것으로 전망된다. 화웨이 이슈는 장기적인 요인으로 해석되며 삼성전자에는 판매량 증가의 기회가 될 것으로 보인다. 선진시장에서는 5G폰과 폴더블폰으로 전환하려는 교체 수요가 나올 것으로 예상되고, 신흥시장에서는 점유율을 높여 나갈 것으로 분석된다.다만 글로벌 점유율을 확대하기는 어려울 것으로 보인다. 박강호 연구원은 “샤오미, 오포, 비보 등 중국 스마트폰 업체는 중국 내 점유율 확대를 고려했을 때 추가적인 확장은 힘들 것”이라며 “중국을 제외한 신흥시장에서는 화웨이의 반사이익을 고려했을 때 가격경쟁의 가능성은 작을 것”이라고 전했다.삼성전자는 내년 하반기 폴더블폰의 시장 확대에 주력하고 다양한 라인업을 구축해 초프리미엄 영역 선점에 나설 계획이다. 갤럭시노트는 갤럭시S 21에 통합할 가능성도 나오고 있다. 애플은 2023년 폴더블폰을 출시할 것으로 추정되는 가운데 삼성전자는 시장 선점 차원에서 내년을 폴더블폰으로 전환하는 시기로 보고 있다.갤럭시A 시리즈는 고가와 보급형 모델에 따라 하드웨어 제공 차별화로 다양한 시장 수요에 적극적으로 대응할 계획이다. 프리미엄 모델은 손떨림보정부품(OIS)과 줌 기능을 추가하고 보급형은 가격경쟁력을 확보해 나갈 방침이다.박강호 연구원은 “내년 삼성전자의 전략을 고려했을 때 와이솔, 자화전자 등 삼성전자 향 부품업체는 ASP 상승과 가동률 확대로 매출과 이익증가가 기대된다”며 “삼성전자는 믹스 변화에 주력하기 때문에 부품업체에게 가격 분위기는 낮을 것”이라고 밝혔다.이민지 기자 ming@asiae.co.kr▶ 2020년 하반기, 재물운·연애운·건강운 체크!▶ 네이버에서 아시아경제 뉴스를 받아보세요▶ 요즘 트렌드 모아보고 싶을 땐 '드링킷'<ⓒ경제를 보는 눈, 세계를 보는 창 아시아경제 무단전재 배포금지>아시아경제 관련뉴스해당 언론사에서 선정하며 언론사 페이지(아웃링크)로 이동해 볼 수 있습니다.""뺏지마세요 제발"" 백종원 골목식당 '덮죽집'의 호소어머니 상대로 법정 소송까지…금수저 여성의 막장스캔들""독일차 불매하자""…獨 소녀상 철거 지시에 '들썩'""커도 너무 커""…'흉물'로 전락한 中 초대형 관우상""지지율 오를 만도 한데""…여론조사 뒤흔드는 '숨겨진 힘'
",https://finance.naver.com/item/news_read.nhn?article_id=0004769805&office_id=277&code=005930&page=1&sm=
8, 2020.10.11 11:57,이데일리,[주간추천주]본격 실적 시즌…삼성전자·POSCO 주목,"
'어닝서프' 삼성전자 ""연말 메모리가격 바닥 통과""포스코, 직전분기 영업적자에서 3Q 흑자 전환 예상현대차, 친환경차 매출↑…LG생활건강, 中 회복세 '호재'[이데일리 조용석 기자] 증권가에서는 본격적인 실적 시즌을 맞아 3분기 실적이 기대치를 충족했거나 반등이 예상되는 종목에 힘을 실었다. 신종 코로나 바이러스(코로나19) 감염증 사태를 발판으로 지속성장하는 종목에 대한 관심도 이어졌다. (자료 = 각 증권사)11일 금융투자업계에서 따르면 하나금융투자는 삼성전자(005930)를 추천주로 꼽았다. 하나금융투자는 실적 발표 전인 지난주에도 삼성전자의 어닝서프라이즈를 예상하며 추천주로 선정한 바 있다. 하나금융투자는 “3분기 잠정실적 매출액 66조, 영업이익 12조3000억원으로 예상치 크게 상회했다”며 “세트 부문 영향으로 인한 영업이익 호조로 추정된다. 연말 메모리 가격 바닥 통과 예상한다”고 설명했다. 현대차(005380)도 추천주로 꼽았다. 지난달(9월) 회사의 친환경차 판매가 전년 동기 대비 109% 증가하고, 판매 비중도 12%포인트 상승한 19%를 기록한 점을 주목했다. 선진시장 수요 회복 그리고 내년 발표할 차세대 전기차 전용 플랫폼 E-GMP 출시하면 마진이 개선될 것으로 봤다.SK증권은 POSCO(005490)가 3분기에 직전 분기 영업적자 대비 흑자 전환을 예상하며 추천주로 꼽았다. SK증권은 “3분기 별도기준 실적은 매출액 6조8000억원 및 영업이익 2282억원으로, 전 분기 영업적자 대비 턴어라운드를 예상한다”며 “전 분기 증가한 판매량 및 공장 가동률, 자동차 등 고부가가치 품목의 비중이 확대된 것이 실적 개선에 기여할 것”이라고 설명했다. 또 “해외 철강을 중심으로 주요 수요처를 향한 공급가 인상 진행 중, 전방산업의 수요 회복이 지속될 것”으로 봤다. 해상운송업체인 팬오션(028670)도 추천주로 꼽았다. 3분기까지 중국의 철강 생산 및 원재료 수입량이 증가, 해당 품목 벌크 매출액이 전년 대비 7.3% 성장할 것으로 전망했다. SK증권은 “최근 미국 곡물터미널 EGT 지분을 36.25% 인수하여 사업 포트폴리오 다양화 및 미국 서부지역 운항 효율성이 향상될 예정”이라며 “계절성으로 인한 실적 리스크를 효과적으로 대응했다”고 설명했다. 유안타증권은 LG생활건강(051900), CJ제일제당(097950) 등을 추천했다. LG생활건강은 중국 소비 회복세에 따른 중국 및 면세 수요 회복세와 코로나19 영향 지속으로 생활용품(위생용품) 수요 견고, 마케팅 비용 지출 제한적이라는 점을 이유로 들었다. CJ제일제당은 국내 가공식품 수익성 개선과 해외 가공식품 수요증가가 본격화되고 있다고 봤다. 이밖에 하나금융투자는 진단키트 업체인 바디텍메드(206640)를 추천했다. 유안타증권은 언택트(비대면) 시대 도래에 따른 주거 환경 관심도 증가 및 인테리어/리모델링 시장 성장을 이유로 한샘(009240)을 추천주로 꼽았다. SK증권은 국내 유일 자기장 신경치료기기 업체인 리메드(302550)도 핵심부품 수출 실적 개선을 예상하며 추천주로 꼽았다.조용석 (chojuri@edaily.co.kr)▶ #24시간 빠른 #미리보는 뉴스 #eNews+▶ 네이버에서 '이데일리 뉴스'를 만나보세요▶ 빡침해소, 청춘뉘우스 '스냅타임'＜ⓒ종합 경제정보 미디어 이데일리 - 무단전재 & 재배포 금지＞이데일리 관련뉴스해당 언론사에서 선정하며 언론사 페이지(아웃링크)로 이동해 볼 수 있습니다.'골목식당' 덮죽집 도용 논란업체 사실 족발집?김소연, 유시민·손석희 과거 사진 꺼내 ""비굴하고 비열한…""""코로나 감염된 男, 정자 수 절반으로 준다""북한 열병식서 신형 ICBM 공개…'대량살상무기' 주목'고맙다'만 12번, 몸낮춘 김정은...그만큼 힘들다는 뜻
",https://finance.naver.com/item/news_read.nhn?article_id=0004756329&office_id=018&code=005930&page=1&sm=
9, 2020.10.11 10:14,이데일리,[마켓포인트]코스피 주간 개인 순매도 1위 '삼성전자',"
			 [이데일리 조용석 기자](자료 = 마켓포인트)조용석 (chojuri@edaily.co.kr)▶ #24시간 빠른 #미리보는 뉴스 #eNews+▶ 네이버에서 '이데일리 뉴스'를 만나보세요▶ 빡침해소, 청춘뉘우스 '스냅타임'＜ⓒ종합 경제정보 미디어 이데일리 - 무단전재 & 재배포 금지＞이데일리 관련뉴스해당 언론사에서 선정하며 언론사 페이지(아웃링크)로 이동해 볼 수 있습니다.""고맙습니다""만 12번, 몸낮춘 김정은..왜?""남편을 어떡해? 강경화 장관에게 알려주세요""""코로나 감염된 男, 정자 수 절반으로 준다""엄정화 보컬레슨 中 오열 ""수술 후 성대마비""""가점 낮아 당첨 못해""…30대, '줍줍'에 몰렸다
",https://finance.naver.com/item/news_read.nhn?article_id=0004756280&office_id=018&code=005930&page=1&sm=
10, 2020.10.11 10:13,이데일리,[마켓포인트]코스피 주간 외국인 순매수 1위 '삼성전자',"
			 [이데일리 조용석 기자](자료 = 마켓포인트)조용석 (chojuri@edaily.co.kr)▶ #24시간 빠른 #미리보는 뉴스 #eNews+▶ 네이버에서 '이데일리 뉴스'를 만나보세요▶ 빡침해소, 청춘뉘우스 '스냅타임'＜ⓒ종합 경제정보 미디어 이데일리 - 무단전재 & 재배포 금지＞이데일리 관련뉴스해당 언론사에서 선정하며 언론사 페이지(아웃링크)로 이동해 볼 수 있습니다.""고맙습니다""만 12번, 몸낮춘 김정은..왜?""남편을 어떡해? 강경화 장관에게 알려주세요""""코로나 감염된 男, 정자 수 절반으로 준다""엄정화 보컬레슨 中 오열 ""수술 후 성대마비""""가점 낮아 당첨 못해""…30대, '줍줍'에 몰렸다
",https://finance.naver.com/item/news_read.nhn?article_id=0004756275&office_id=018&code=005930&page=1&sm=
11, 2020.10.11 10:13,이데일리,[마켓포인트]코스피 주간 외국인 순매수 1위 '삼성전자',"
			 [이데일리 조용석 기자](자료 = 마켓포인트)조용석 (chojuri@edaily.co.kr)▶ #24시간 빠른 #미리보는 뉴스 #eNews+▶ 네이버에서 '이데일리 뉴스'를 만나보세요▶ 빡침해소, 청춘뉘우스 '스냅타임'＜ⓒ종합 경제정보 미디어 이데일리 - 무단전재 & 재배포 금지＞이데일리 관련뉴스해당 언론사에서 선정하며 언론사 페이지(아웃링크)로 이동해 볼 수 있습니다.""고맙습니다""만 12번, 몸낮춘 김정은..왜?""남편을 어떡해? 강경화 장관에게 알려주세요""""코로나 감염된 男, 정자 수 절반으로 준다""엄정화 보컬레슨 中 오열 ""수술 후 성대마비""""가점 낮아 당첨 못해""…30대, '줍줍'에 몰렸다
",https://finance.naver.com/item/news_read.nhn?article_id=0004756275&office_id=018&code=005930&page=1&sm=
12, 2020.10.11 08:00,아시아경제,'또 깜짝?' 삼성전자 4분기 실적에 쏠리는 눈,"
[아시아경제 김혜원 기자] 삼성전자가 3분기 시장 기대를 크게 웃도는 '어닝 서프라이즈(깜짝 실적)' 성적표를 내놓으면서 벌써부터 시선은 4분기 실적에 쏠리고 있다.11일 금융정보업체 에프엔가이드에 따르면 지난 8일 삼성전자가 3분기 잠정 실적을 발표한 이후 국내 증권사가 내놓은 4분기 영업이익 전망치는 작게는 9조원대, 많게는 12조원대로 추정됐다.삼성전자의 3분기 영업이익은 12조3000억원, 매출액은 66조원으로 잠정 집계됐다. 분기 영업이익이 10조원을 넘은 것은 2018년 4분기(10조8000억원) 이후 7분기 만에 처음이다. 같은 해 3분기 기록(17조5700억원) 이래 최대치이기도 하다.4분기 영업이익 전망치 9조~12조원대…디스플레이 사업부, 애플 성수기 효과 기대현재 시점에서 삼성전자의 4분기 실적에 대한 증권가 눈높이는 대체적으로 높은 편이다.하이투자증권은 임직원에 대한 특별 상여금 지급이 없다는 가정 아래 4분기 영업이익이 3분기와 유사한 12조3000억원 수준을 기록할 것으로 내다봤다. 송명섭 하이투자증권 연구원은 ""반도체는 출하량 정체와 가격 하락으로 영업이익이 4조6000억원 수준으로 감소하고 ITㆍ모비일(IM) 부문에서도 스마트폰 출하 감소와 고가폰 비중 축소에 의한 이익률 하락이 나타날 것이나 소비자가전(CE) 부문에서 연간 최성수기를 맞아 출하가 증가하고 하만의 흑자 추세도 공고해질 것""이라고 말했다. 디스플레이 부문 영업이익도 4분기에는 출하 집중 현상에 따라 전분기 대비 250% 가까이 증가한 1조9000억원에 달할 것이라는 전망이다.다음으로 삼성증권은 4분기 영업이익 11조1300억원, 매출액 62조2700억원을 제시했다. 황민성 삼성증권 연구원은 ""반도체에서 평택 2기 시작으로 감가상각비가 증가할 것이며 통신은 노트 신제품 판매 효과가 줄어드는 반면 성수기 마케팅 비용 상승이 불가피하고 CE도 연말 계절적인 비용 증가를 예상한다""면서 ""다만 디스플레이의 경우 애플 성수기 효과로 풀가동 중이라서 3분기 대비 큰 폭의 실적 개선이 있을 것""이라고 내다봤다.NH투자증권은 4분기 실적 전망치로 영업이익 11조원, 매출액 64조8000억원, 영업이익률 17%를 제시했다. 영업이익 기준 사업 부문별로는 반도체 5조1000억원, 디스플레이 1조4000억원, IM 3조5000억원, CE 1조1000억원 등으로 추정했다. 도현우 NH투자증권 연구원은 ""스마트폰 비수기 진입으로 IM 부문 실적은 다소 부진하나 주요 고객사 신규 스마트폰 출시로 디스플레이 부문 실적은 개선될 것""이라며 ""메모리 업황은 내년 1분기부터 본격적으로 개선이 가능해 보인다""고 전했다. 그는 ""최근 게임 콘솔, 노트북 PC 수요 호조로 메모리 수급이 살아나고 화웨이의 빈자리를 차지하기 위한 스마트폰 업체의 메모리 주문이 증가하고 있다""면서 ""데이터센터 업체가 메모리 구매 검토를 다시 시작했다""고 덧붙였다.삼성전자가 연결 기준 올해 3분기 영업이익이 12조3천억원으로 지난해 동기보다 58.1% 증가한 것으로 잠정 집계됐다고 공시한 8일 서울 서초구 삼성전자 사옥 모습. 매출은 66조원으로 작년 동기 대비 6.45% 증가했다./김현민 기자 kimhyun81@케이프투자증권은 4분기 영업이익 10조6000억원, 매출액 62조5000억원을 제시하면서 반도체 업황은 바닥을 향하지만 서버 고객의 구매 재개 등 개선의 움직임도 나타나고 있다고 진단했다. 박성순 케이프투자증권 애널리스트는 ""4분기에도 세트 수요는 견조할 것으로 판단하지만 IM의 경우 5G 아이폰 출시와 화웨이 공백을 차지하기 위한 중국 VOX 업체와의 경쟁 심화로 마케팅 비용이 증가할 것""이라며 3분기 대비 수익성이 낮을 것으로 예상했다.키움증권은 영업이익 10조3000억원과 매출액 65조5000억원을 전망했다. 고객사 신제품 출시 효과로 디스플레이 부문의 실적 호조가 예상되나 IM과 반도체 실적이 부진할 것이란 판단에서다. 박유악 키움증권 연구원은 ""IM 부문은 경쟁사 신제품 출시와 연말 비수기 대응을 위한 마케팅 비용 증가로 인해 영업이익 3조4000억원을 기록할 것""이라며 ""반도체 부문 역시 지난 분기 판매 호조에 대한 역기저 효과와 제품 가격 하락으로 영업이익이 4조원대에 머물 것""이라고 예상했다. 디스플레이 부문 영업이익은 전분기 대비 116% 증가한 1조5000억원으로 봤다.한화투자증권은 기존 4분기 예상 실적이 영업이익 10조2000억원이었으나 3분기 영업이익(12조3000억원)과의 사이에서 결정될 것으로 판단했다. 이순학 한화투자증권 애널리스트는 ""반도체 부문은 서버 D램 가격 약세로 실적이 감소할 것으로 보이고 IM 부문은 계절적인 요인에 따라 스마트폰 판매량이 전분기 대비 10% 이상 감소할 것""이라며 ""다만 디스플레이 부문에서 북미 고객사향 OLED 출하량이 극대화하며 성수기 효과를 기대할 만하다""고 평가했다.대신증권은 4분기 영업이익 9조4000억원으로 가장 보수적인 수치를 내놨다. 사업 부문별로는 반도체 4조원, 디스플레이 1조3000억원, IM 3조원, 가전 1조원 등이다. 이수빈 대신증권 연구원은 ""디스플레이 사업부는 OLED 패널 성수기 진입, LCD 적자 개선, 아이폰향 패널 출하량 증가로 이익이 좋아질 것""이라며 ""CE 부문은 판매량을 늘겠지만 영업이익률은 둔화할 것""이라고 전했다.전문가 ""4분기 특별주주환원 기대해볼 만하다""메리츠증권은 10조9000억원을 제시했으나 상향 조정 가능성을 열어뒀다. 현재 세트 사업부의 비용 축소 효과가 연말까지 지속 가능하고 메모리 출하량과 판가 측면에서 개선 여지가 발생하고 있으며 애플 아이폰 판매 호조 가능성이 남아 있다는 판단에서다. 김선우 메리츠증권 연구원은 ""삼성전자의 4분기 실적도 기대치를 상회할 가능성이 높은데 이는 특별주주환원으로 직결된다""면서 ""현재로서는 9조4000억원이 특별주주환원으로 지급될 것으로 추정하나 실적이 예상치를 넘어선 만큼 규모가 더 확대될 수 있다""고 봤다.KB증권은 디스플레이 실적 호전에 힘입어 영업이익 10조1000억원을 기록할 것으로 추정하면서 추가 주주환원 가능성에 주목했다. 김동원 KB증권 애널리스트는 ""올해 10월 말 자사주 매입 또는 현금배당 확대를 예상한다""면서 ""최근 3년 동안 실적 개선을 고려할 때 잔여재원 발생이 예상돼 추가 주주환원을 기대해볼 만한 시점""이라고 판단했다.삼성전자는 2017년 당시 3개년 잉여현금흐름(FCF)의 50%를 배당한 후 잔여재원이 있으면 자사주 매입ㆍ소각이나 추가 현금배당을 실시하겠다고 밝힌 바 있다. 이달 말이면 삼성전자가 발표한 3개년 주주환원 정책 종료 시점이다.김혜원 기자 kimhye@asiae.co.kr▶ 2020년 하반기, 재물운·연애운·건강운 체크!▶ 네이버에서 아시아경제 뉴스를 받아보세요▶ 요즘 트렌드 모아보고 싶을 땐 '드링킷'<ⓒ경제를 보는 눈, 세계를 보는 창 아시아경제 무단전재 배포금지>아시아경제 관련뉴스해당 언론사에서 선정하며 언론사 페이지(아웃링크)로 이동해 볼 수 있습니다.""양쪽 귀 찔린 흔적""…'나는 자연인이다' 심마니 의문의 죽음""커도 너무 커""…'흉물'로 전락한 中 초대형 관우상""독일차 불매하자""…獨 소녀상 철거 지시에 '들썩'어머니 상대로 법정 소송까지…금수저 여성의 막장스캔들""지지율 오를 만도 한데""…여론조사 뒤흔드는 '숨겨진 힘'
",https://finance.naver.com/item/news_read.nhn?article_id=0004769644&office_id=277&code=005930&page=2&sm=
13, 2020.10.10 20:00,아시아경제,"삼성 TV '더 프레임', 유니온아트페어 신진 작가 작품 담아","
[아시아경제 김혜원 기자] 삼성전자가 9일부터 13일까지 현대 미술 작가들의 축제인 '2020 유니온아트페어'에 참여해 '더 프레임' TV를 활용한 작품 전시를 진행한다.올해로 5회를 맞이하는 유니온아트페어는 신진 작가들을 한 자리에서 만날 수 있는 '작가 직거래 장터'로, 작가 스스로 시장을 개척한다는 취지로 기획된 행사다.유니온아트페어는 서울 영등포구 문래동에 위치한 문래예술창작촌 내 7개 장소에서 열리며 80여 명의 작가들이 참여했다.삼성전자는 문래예술창작촌 내 스페이스엑스엑스에서 더 프레임 3대를 활용해 출품작들을 디지털 아트 형식으로 선보였다.또한 증강현실(AR)·가상현실(VR) 기술 기반의 버추얼 갤러리 체험 공간을 마련해 더 프레임의 대형 화면으로 전시 작품의 디테일을 다양한 시점에서 감상할 수 있도록 했다.삼성전자는 더 프레임의 '아트 스토어'를 통해 전 세계 소비자에게 2020 유니온아트페어 참여 작가 13인의 작품 22점도 소개한다.더 프레임 아트 스토어는 비엔나의 알베르티나 박물관, 마드리드의 프라도 미술관, 피렌체의 우피치 미술관, 상트페테르부르크의 에르미타주 미술관, 암스테르담의 반 고흐 미술관 등 전 세계 유명 미술관·갤러리가 소장한 1200점 이상의 작품을 4K 화질로 제공하는 디지털 아트 유통 플랫폼이다.삼성전자 영상디스플레이사업부 추종석 부사장은 ""더 프레임은 일반 TV 개념을 넘어 글로벌 아트 유통 플랫폼으로 평가 받고 있는 혁신 제품""이라며 ""더 프레임만의 차별화된 기능을 바탕으로 미술관, 작가들과의 지속적 협업을 통해 소비자에게 다양한 경험을 제공할 것""이라고 말했다.김혜원 기자 kimhye@asiae.co.kr▶ 2020년 하반기, 재물운·연애운·건강운 체크!▶ 네이버에서 아시아경제 뉴스를 받아보세요▶ 요즘 트렌드 모아보고 싶을 땐 '드링킷'<ⓒ경제를 보는 눈, 세계를 보는 창 아시아경제 무단전재 배포금지>아시아경제 관련뉴스해당 언론사에서 선정하며 언론사 페이지(아웃링크)로 이동해 볼 수 있습니다.""양쪽 귀 찔린 흔적""…'나는 자연인이다' 심마니 의문의 죽음'62세 싱글남'의 일상…주병진 ""항상 외롭다"" 고백""독일차 불매하자""…獨 소녀상 철거 지시에 '들썩'어머니 상대로 법정 소송까지…금수저 여성의 막장스캔들""지지율 오를 만도 한데""…여론조사 뒤흔드는 '숨겨진 힘'
",https://finance.naver.com/item/news_read.nhn?article_id=0004769602&office_id=277&code=005930&page=2&sm=
14, 2020.10.10 13:30,아시아경제,"삼성전자 노사, '사전협의'로 견해차 최소화 기대감","
삼성전자가 연결 기준 올해 3분기 영업이익이 12조3천억원으로 지난해 동기보다 58.1% 증가한 것으로 잠정 집계됐다고 공시한 8일 서울 서초구 삼성전자 사옥 모습. 매출은 66조원으로 작년 동기 대비 6.45% 증가했다./김현민 기자 kimhyun81@[아시아경제 이기민 기자] 삼성전자 노사가 사전협의를 통해 향후 본교섭에서 노사갈등을 최소화할 수 있을지 이목이 쏠린다.10일 노조 등에 따르면 삼성전자 사측은 노사 간 사전협의에서 나온 노조 측의 교섭 제반사항 요구에 대해 회신할 예정이다. 앞서 삼성전자 노사는 지난 8일 오후3시께부터 2시간 30여분 동안 단체교섭 진행을 위한 사전협의를 진행했다. 삼성전자는 과거 개별노조 단위로 단체교섭을 진행하기도 했지만, 단체협약 체결에 이르진 못했다.이날 진행된 사전협의에서는 사측 인사 담당자와 1~4 노조·4노조의 상위 단체인 전국금속노동조합연맹(금속노련) 관계자 등 10여명이 참석했다. 주로 본교섭 진행에 앞서 사측이 노조가 요구하는 전용 실무공간 마련, 타임오프제(근무시간 인정제), 노조 전임제 등 제반 조건을 청취했고, 노사 간 단체교섭 일정 및 진행 방법에 대해 협의한 것으로 알려졌다. 당장 사전협의에 대한 결론이 나지 않았지만 사측도 적극적인 자세로 노조 측의 의견을 청취하며 협의시간이 당초 예상한 1시간보다 훌쩍 길어진 것으로 전해졌다.삼성전자가 사측이 노조의 단체교섭 전 사전협의를 적극적으로 응하면서  향후 진행될 본교섭에서의 견해 차이와 마찰을 줄이고 단체협약을 체결할 수 있을지 주목된다. 노사 간 단체교섭 전 사전협의가 이례적인 일은 아니지만 통상 교섭 대표들의 상견례 전 줄다리기의 셩격을 띄어 활발한 협의가 진행되지 않아 본교섭에서도 마찰을 빚는 경우가 흔하다.    다만 이재용 삼성전자 부회장이 지난 5월 대국민 사과에서 '무노조 경영 원칙 폐기'를 선언한 이후 삼성 내 단체교섭이 본격화되고 있고, 단체협약을 이미 체결한 계열사도 나오고 있어 노조 내에서는 일부 기대감도 흘러 나온다.삼성의 금융계열사인 삼성화재의 경우 지난 8월 창립 68년만에 첫번째 단체협약을 체결하고 노조 활동 보장을 위해 상호 협력하기로 했다. 전자계열사인 삼성디스플레이는 지난 5월, 삼성SDI 울산 노조도 지난달부터 단체교섭을 진행하고 있다. 삼성준법감시위원회도 꾸준히 삼성의 노조 활동을 보장하기 위한 실효적 절차 규정 정비 등을 검토하라고 주문하고 있다. 삼성전자는 이에 따라 임직원 대상 노동 관련 준법 교육 의무화, 노동·인권 단체 인사 초빙 강연 등도 방안을 내놨고, 최근에는 노동전문가들로 노사관계 자문그룹을 구성하기도 했다. 이 부회장도 최근 삼성준법감시위원들을 만나 대국민 사과에서 한 약속을 지켜나갈 것이라고 다짐하기도 했다.노조 측 한 관계자는 ""이 부회장도 노동 3권을 지키겠다고 강조했고, 삼성전자가 전자계열사 가운데 맏형 격인 만큼 사측도 단체교섭에 적극적으로 임할 것으로 기대하고 있다""고 말했다.이기민 기자 victor.lee@asiae.co.kr▶ 2020년 하반기, 재물운·연애운·건강운 체크!▶ 네이버에서 아시아경제 뉴스를 받아보세요▶ 요즘 트렌드 모아보고 싶을 땐 '드링킷'<ⓒ경제를 보는 눈, 세계를 보는 창 아시아경제 무단전재 배포금지>아시아경제 관련뉴스해당 언론사에서 선정하며 언론사 페이지(아웃링크)로 이동해 볼 수 있습니다.""양쪽 귀 찔린 흔적""…'나는 자연인이다' 심마니 의문의 죽음'62세 싱글남'의 일상…주병진 ""항상 외롭다"" 고백10개월 된 아기 성폭행으로 사망…범인은 '친아빠'일본라면도 제치고 1위…""韓라면 자존심 세웠다""어머니 상대로 법정 소송까지…금수저 여성의 막장스캔들
",https://finance.naver.com/item/news_read.nhn?article_id=0004769543&office_id=277&code=005930&page=2&sm=
15, 2020.10.10 12:33,파이낸셜뉴스,"삼성전자, 3Q 깜짝 실적에 증권가 화색","
사진=뉴스1 [파이낸셜뉴스] 삼성전자의 올해 3·4분기 실적이 시장 전망치를 상회하면서 적극적 비중확대 구간이라는 증권가 분석이 나온다. 목표가는 8만원으로 제시됐다.   10일 금융감독원 전자공시시스템에 따르면 삼성전자는 올해 3·4분기 연결기준 잠정 영업이익이 12조3000억원으로 전년동기 대비 58.10% 증가했다고 공시했다. 같은 기간 매출액은 66조원으로 6.45% 늘었다.   각 부문별 영업이익은 반도체 5조5000억원, 디스플레이 6000억원, 모바일 4조7000억원, 가전 1조5000억원으로 추정된다.   박성순 케이프투자증권 연구원은 ""모바일과 가전 등 세트 부분에서 당초 기대치를 상회하는 실적을 기록한 것으로 추정된다""며 ""3·4분기 강한 펜트업(Pent up) 수요로 스마트폰 출하량은 8000만대를 상회했을 것으로 예상된다""고 말했다.   그는 또 ""출하량 증가와 함께 코로나19 환경에 대응한 온라인 확대 판매 등 마케팅 비용 절감을 통한 수익성 개선도 예상치를 상회했을 것""이라고 덧붙였다.   디스플레이는 LCD TV 패널 가격 상승으로 LCD 부문 적자가 축소되고, OLED는 북미 고객사 매출 일부가 반영됐다.   반도체는 DRAM과 NAND 모두 추정치를 소폭 상회했을 것으로 예상된다.   증권업계는 삼성전자의 4·4분기 영업이익을 9조4000억원에서 10조1000억원까지 전망했다.   김동원 KB증권 연구원은 ""올해 10월 말 삼성전자는 3년간 잉여현금여력(FCF) 재원을 기반으로 추가 주주환원 가능성이 클 전망이다""라며 ""2017년 10월 31일 발표된 3년 주주환원정책 종료를 앞두고 있는 삼성전자는 올해 10월 말 자사주 매입 또는 현금배당 확대 등이 예상된다""고 말했다.    dschoi@fnnews.com 최두선 기자   ▶ 헉! 소리나는 스!토리 뉴스 [헉스]▶ '아는 척'하고 싶은 당신을 위한 [두유노우]▶ 날로먹고 구워먹는 금융이슈 [파인애플]  ※ 저작권자 ⓒ 파이낸셜뉴스. 무단 전재-재배포 금지파이낸셜뉴스 관련뉴스해당 언론사에서 선정하며 언론사 페이지(아웃링크)로 이동해 볼 수 있습니다.오정연 ""전 남편과 추억 버리기 힘들다"" 고백하더니 돌연..두 달 뒤 출소하는 69세 조두순.. 아내 뜻밖의 발언 ""여전히..""김무성, 뜻밖의 고백 ""박근혜 탄핵 주도할 때..""남자친구에 속아 중국에 팔려간 女, 결혼 후 두달 동안..뿔난 나경원 ""돼지 눈엔 돼지만. 날 괴롭히고 싶다면..""
",https://finance.naver.com/item/news_read.nhn?article_id=0004508020&office_id=014&code=005930&page=2&sm=
16, 2020.10.10 08:01,이데일리,[하나금투 주간추천주]'실적은 거짓말 안해'…삼성전자·현대차·바디텍메드,"
			 [이데일리 김성훈 기자] ◇코스피삼성전자(005930)-3분기 잠정실적 매출액 66조, 영업이익 12조3000억조원으로 예상치 크게 상회-세트 부문 영향으로 영업이익 호조 추정. 연말 메모리 가격 바닥 통과 예상현대차(005380)-9월 친환경차 판매 전년 동기 대비 109% 증가, 판매 비중 12%포인트 상승한 18% 기록-선진시장 수요 회복 및 21년 E-GMP 출시로 마진 개선 전망◇코스닥바디텍메드(206640)-면역진단 키트와 진단장비 묶여서 같이 판매-코로나19 바이러스 항원 및 항체 진단키트로 레벨업 전망김성훈 (sk4he@edaily.co.kr)▶ #24시간 빠른 #미리보는 뉴스 #eNews+▶ 네이버에서 '이데일리 뉴스'를 만나보세요▶ 빡침해소, 청춘뉘우스 '스냅타임'＜ⓒ종합 경제정보 미디어 이데일리 - 무단전재 & 재배포 금지＞이데일리 관련뉴스해당 언론사에서 선정하며 언론사 페이지(아웃링크)로 이동해 볼 수 있습니다.[암이야기]사망률 높은 구강암, 입 안 상처가 지속되면 의심해봐야김호중 사적으로 만난 강원병무청장 '경고'...청탁은 아냐[복GO를 찾아서]말표 구두약이 맥주로…마시면 얼굴에 물광이?테스형부터 코리안 힙 국악까지, 1030 뒤흔든 K장르서울 아파트 매매·전셋값 모두 상승폭 '둔화
",https://finance.naver.com/item/news_read.nhn?article_id=0004755714&office_id=018&code=005930&page=2&sm=
17, 2020.10.09 20:59,아시아경제,"삼성전자, 주가 8만원대 갈까","
삼성전자가 연결 기준 올해 3분기 영업이익이 12조3천억원으로 지난해 동기보다 58.1% 증가한 것으로 잠정 집계됐다고 공시한 8일 서울 서초구 삼성전자 사옥 모습. 매출은 66조원으로 작년 동기 대비 6.45% 증가했다./김현민 기자 kimhyun81@[아시아경제 박지환 기자] 삼성전자의 올해 3분기 영업이익이 12조원으로 잠정 집계됐다는 소식에 주가도 함께 상승세를 탔다. 증권업계의 삼성전자에 대한 목표주가 평균치는 7만5000원대로 내년 실적 기대감에 따라 8만원대 안착도 가능한 상황이란 평가다. 지난 8일 유가증권시장에서 삼성전자는 전 거래일보다 0.33%(200원) 내린 5만9700원에 거래를 마쳤다. 이날 삼성전자 주가는 장중 6만 원대에 진입하기도 했다. 지난달 21일 이후 처음이다.삼성전자는 올해 3분기 연결 기준 잠정 실적을 집계한 결과 12조3000억원의 영업이익을 기록했다고 7일 공시했다. 10조원 초반으로 예상됐던 시장 예상치를 크게 웃도는 규모이다.증권업계에서는 내년 실적까지 고려하면 삼성전자 주가가 8만원대 안착도 가능할 것이란 분석을 내놓고 있다. 김운호 IBK투자증권 연구원은 ""하반기 안정적 실적 증가 및 2021년 큰 폭의 실적 개선을 고려할 때 투자는 여전히 유리한 주가 구간""이라며 ""4분기 반도체 부진으로 이익 모멘텀이 반감되겠지만, 연간 영업이익이 35조를 상회하고 하반기 모바일 업황이 개선될 것""이라고 내다봤다.기관과 외국인 투자자들의 순매수는 주가 상승세를 견인했다. 기관은 7일 삼성전자 주식 1198억원어치를 사들이며, 한달여만에 최대 규모 순매수에 나섰다. 외국인도 6일과 7일 총 1139억원 순매수에 나서며 상승세를 이끌었다. 에프앤가이드에 따르면 현재 국내 24개 증권사의 삼성전자 목표주가 평균값은 7만5258원이다. 박성순 케이프투자증권 연구원은 ""강한 Set 수요 반등과 마케팅비 축소에 따른 수익성 개선에 기인한다""면서 ""4분기 메모리 업황은 바닥을 향하지만 서버 고객의 구매 재개 등 개선의 움직임이 나타나고 있어 적극적 비중 확대 구간으로 판단된다""고 설명했다.박지환 기자 pjhyj@asiae.co.kr▶ 2020년 하반기, 재물운·연애운·건강운 체크!▶ 네이버에서 아시아경제 뉴스를 받아보세요▶ 요즘 트렌드 모아보고 싶을 땐 '드링킷'<ⓒ경제를 보는 눈, 세계를 보는 창 아시아경제 무단전재 배포금지>아시아경제 관련뉴스해당 언론사에서 선정하며 언론사 페이지(아웃링크)로 이동해 볼 수 있습니다.""양쪽 귀 찔린 흔적""…'나는 자연인이다' 심마니 의문의 죽음어머니 상대로 법정 소송까지…금수저 여성의 막장스캔들'62세 싱글남'의 일상…주병진 ""항상 외롭다"" 고백일본라면도 제치고 1위…""韓라면 자존심 세웠다""16년근 인삼 50뿌리 캐놓고 ""몰랐다"" 발뺌
",https://finance.naver.com/item/news_read.nhn?article_id=0004769454&office_id=277&code=005930&page=2&sm=
18, 2020.10.09 20:54,파이낸셜뉴스,"삼성전자, 더 프레임 TV로 신진 작가 작품 전시","
삼성전자 모델이 서울 문래동에 위치한 스페이스엑스엑스에서 더 프레임을 통해 신진 작가들의 작품을 소개하고 있다. 삼성전자 제공 [파이낸셜뉴스] 삼성전자가 이달 13일까지 현대 미술 작가들의 축제인 2020 유니온아트페어에 참여해 '더 프레임' TV를 활용한 작품 전시를 진행한다고 9일 밝혔다.   올해로 5회를 맞이하는 유니온아트페어는 신진 작가들을 한 자리에서 만날 수 있는 작가 직거래 장터이다.   2020 유니온아트페어는 서울 영등포구 문래동에 위치한 문래예술창작촌 내 7개 장소에서 진행된다. 올해는 80여명의 작가들이 참여한다.   삼성전자는 문래예술창작촌 내 스페이스엑스엑스(space xx)에서 더 프레임 3대를 활용해 출품작들을 디지털 아트 형식으로 선보인다.   또한 증강현실(AR)과 가상현실(VR) 기술 기반의 버추얼 갤러리 체험 공간을 마련해 더 프레임의 대형 화면으로 전시 작품들을 다양한 시점에서 감상할 수 있도록 했다.   삼성전자는 더 프레임의 '아트 스토어'를 통해 전 세계 소비자들에게 2020 유니온아트페어 참여 작가 13인의 작품 22점도 소개한다.   더 프레임 아트 스토어는 비엔나의 알베르티나 박물관, 마드리드의 프라도 미술관, 피렌체의 우피치 미술관, 상트페테르부르크의 에르미타주 미술관, 암스테르담의 반 고흐 미술관 등 전 세계 유명 미술관 및 갤러리가 소장한 1200점 이상의 작품을 4K 화질로 제공하는 디지털 아트 유통 플랫폼이다.   추종석 삼성전자 영상디스플레이사업부 부사장은 ""더 프레임은 일반 TV 개념을 넘어 글로벌 아트 유통 플랫폼으로 평가받고 있는 혁신 제품""이라며 ""더 프레임만의 차별화된 기능을 바탕으로 미술관, 작가들과 지속적 협업을 통해 소비자들에게 다양한 경험을 제공할 것""이라고 말했다.    km@fnnews.com 김경민 기자   ▶ 헉! 소리나는 스!토리 뉴스 [헉스]▶ '아는 척'하고 싶은 당신을 위한 [두유노우]▶ 날로먹고 구워먹는 금융이슈 [파인애플]  ※ 저작권자 ⓒ 파이낸셜뉴스. 무단 전재-재배포 금지파이낸셜뉴스 관련뉴스해당 언론사에서 선정하며 언론사 페이지(아웃링크)로 이동해 볼 수 있습니다.오정연 ""전 남편과 추억 버리기 힘들다"" 고백하더니 돌연..두 달 뒤 출소하는 69세 조두순.. 아내 뜻밖의 발언 ""여전히..""김무성, 뜻밖의 고백 ""박근혜 탄핵 주도할 때..""남자친구에 속아 중국에 팔려간 女, 결혼 후 두달 동안..뿔난 나경원 ""돼지 눈엔 돼지만. 날 괴롭히고 싶다면..""
",https://finance.naver.com/item/news_read.nhn?article_id=0004507917&office_id=014&code=005930&page=2&sm=
19, 2020.10.09 11:01,이데일리,"삼성 ‘더 프레임’, 한국 신진 작가들 작품 담는다","
‘유니온아트페어’서 더 프레임 통해 미술 작품 선보여참여 작품 22점은 더 프레임 ‘아트 스토어’에 소개[이데일리 피용익 기자] 삼성전자(005930)가 9일부터 13일까지 현대 미술 작가들의 축제인 ‘2020 유니온아트페어 online/extra value’에 참여해 ‘더 프레임(The Frame)’ TV를 활용한 작품 전시를 진행한다.올해로 5회를 맞이하는 유니온아트페어는 신진 작가들을 한 자리에서 만날 수 있는 ‘작가 직거래 장터’로, 작가들 스스로 시장을 개척한다는 취지로 기획된 행사다. 2020 유니온아트페어는 서울 영등포구 문래동에 위치한 문래예술창작촌 내 7개 장소에서 진행되며, 80여 명의 작가들이 참여한다.삼성전자는 문래예술창작촌 내 스페이스엑스엑스(space xx)에서 더 프레임 3대를 활용해 출품작들을 디지털 아트 형식으로 선보인다.또한, 증강현실(AR)ㆍ가상현실(VR) 기술 기반의 버추얼 갤러리 체험 공간을 마련해 더 프레임의 대형 화면으로 전시 작품들의 디테일을 다양한 시점에서 감상할 수 있도록 했다. 삼성전자는 더 프레임의 ‘아트 스토어’를 통해 전 세계 소비자들에게 2020 유니온아트페어 참여 작가 13인의 작품 22점도 소개한다. 더 프레임 아트 스토어는 비엔나의 알베르티나 박물관, 마드리드의 프라도 미술관, 피렌체의 우피치 미술관, 상트페테르부르크의 에르미타주 미술관, 암스테르담의 반 고흐 미술관 등 전 세계 유명 미술관ㆍ갤러리가 소장한 1200점 이상의 작품을 4K 화질로 제공하는 디지털 아트 유통 플랫폼이다. 추종석 삼성전자 영상디스플레이사업부 부사장은 “더 프레임은 일반 TV 개념을 넘어 글로벌 아트 유통 플랫폼으로 평가 받고 있는 혁신 제품”이라며 “더 프레임만의 차별화된 기능을 바탕으로 미술관, 작가들과의 지속적 협업을 통해 소비자들에게 다양한 경험을 제공할 것”이라고 말했다. 삼성전자 모델이 서울 문래동에 위치한 스페이스엑스엑스에서 더 프레임을 통해 신진 작가들의 작품을 소개하고 있다. (사진=삼성전자)피용익 (yoniki@edaily.co.kr)▶ #24시간 빠른 #미리보는 뉴스 #eNews+▶ 네이버에서 '이데일리 뉴스'를 만나보세요▶ 빡침해소, 청춘뉘우스 '스냅타임'＜ⓒ종합 경제정보 미디어 이데일리 - 무단전재 & 재배포 금지＞이데일리 관련뉴스해당 언론사에서 선정하며 언론사 페이지(아웃링크)로 이동해 볼 수 있습니다.울산 화재 '드라이비트'가 키웠나…제천·밀양 화재와 같아스텔라 가영 ""19금 콘셉트 강요…억지로 '끈 의상' 입혀""렌터카로 사람 치고 줄행랑…10대들의 '무법 질주'박원숙 ""故 최진실, 새벽 2시에 전화 와…그게 마지막 통화""""조용히 속죄하며 마무리하고 싶다""…신창원이 보낸 편지
",https://finance.naver.com/item/news_read.nhn?article_id=0004755147&office_id=018&code=005930&page=2&sm=
20, 2020.10.09 11:00,매일경제,"삼성전자, 현대 미술 작가들의 축제 `2020 유니온아트페어` 참가","
`더 프레임` TV  활용, 국내 신진 작가 작품 소개삼성전자 모델이 서울 문래동에 위치한 스페이스엑스엑스에서 더 프레임을 통해 신진 작가들의 작품을 소개하고 있다. [사진제공 = 삼성전자]삼성전자가 9일부터 13일까지 현대 미술 작가들의 축제인 '2020 유니온아트페어 online/ extra value(이하 2020 유니온아트페어)'에 참여해 '더 프레임(The Frame)' TV를 활용한 작품 전시를 진행한다. 올해로 5회를 맞이하는 유니온아트페어는 신진 작가들을 한 자리에서 만날 수 있는 '작가 직거래 장터'로, 작가들 스스로 시장을 개척한다는 취지로 기획된 행사다. 2020 유니온아트페어는 서울 영등포구 문래동에 위치한 문래예술창작촌 내 7개 장소에서 진행되며, 80여 명의 작가들이 참여한다.삼성전자는 문래예술창작촌 내 스페이스엑스엑스(space xx)에서 더 프레임 3대를 활용해 출품작들을 디지털 아트 형식으로 선보인다.또한 AR·VR 기술 기반의 버추얼 갤러리 체험 공간을 마련해 더 프레임의 대형 화면으로 전시 작품들의 디테일을 다양한 시점에서 감상할 수 있도록 했다. 삼성전자는 더 프레임의 '아트 스토어'를 통해 전 세계 소비자들에게 2020 유니온아트페어 참여 작가 13인의 작품 22점도 소개한다. 더 프레임 아트 스토어는 비엔나의 알베르티나 박물관, 마드리드의 프라도 미술관, 피렌체의 우피치 미술관, 상트페테르부르크의 에르미타주 미술관, 암스테르담의 반 고흐 미술관 등 전 세계 유명 미술관·갤러리가 소장한 1200점 이상의 작품을 4K 화질로 제공하는 디지털 아트 유통 플랫폼이다. 삼성전자 영상디스플레이사업부 추종석 부사장은 ""더 프레임은 일반 TV 개념을 넘어 글로벌 아트 유통 플랫폼으로 평가 받고 있는 혁신 제품""이라며 ""더 프레임만의 차별화된 기능을 바탕으로 미술관, 작가들과의 지속적 협업을 통해 소비자들에게 다양한 경험을 제공할 것""이라고 말했다. [이상규 기자 boyondal@mkinternet.com]▶ 네이버 메인에서 '매일경제'를 받아보세요▶ 궁금한 제조과정 영상으로 보세요. '이렇게 만들죠'▶ 매일매일 색다른 뉴스레터 '매콤달콤' 구독하세요[ⓒ 매일경제 & mk.co.kr, 무단전재 및 재배포 금지]매일경제 관련뉴스해당 언론사에서 선정하며 언론사 페이지(아웃링크)로 이동해 볼 수 있습니다.설탕 뺀 '웰빙 버터커피' 내놓자…초보 창업자에 수억원 투자금""차 바꿀까""…국감 와중에 '소환 조사' 문자 주고받은 김홍걸임이지(이해인), 핫케이크보다 HOT한 섹시 의상이훈희 본부장 ""나훈아 섭외, 쉽지만은 않았다""장윤정, 1년 주유비만 2억5천만원? 알고보니…
",https://finance.naver.com/item/news_read.nhn?article_id=0004671202&office_id=009&code=005930&page=2&sm=
21, 2020.10.09 17:27,한국경제,TV 수요 폭발…삼성·LG 3개월간 전 세계에 2200만대 팔았다,"
'집콕 시대' 대형TV 선호3분기 글로벌 TV 출하량전분기 대비 38.8% 증가삼성, 67% 뛴 1420만대로 1위100인치 넘는 대화면 감상'홈 시네마' 프로젝터도 인기TV 등 ‘스크린 기기’의 수요가 폭발하고 있다. 신종 코로나바이러스 감염증(코로나19) 사태로 상반기 위축됐던 소비심리가 급속히 회복되면서 3분기 세계 TV 출하량은 역대 최대치를 기록했다. ‘홈 이코노미’ 확대로 70인치 이상 대형 TV 선호 경향이 강해지는 가운데 100인치 이상 화면으로 영상을 감상할 수 있는 프로젝터 시장도 덩달아 커지고 있다. 산업계에선 연말 쇼핑 성수기를 감안하면 4분기 TV 출하량은 다시 역대 최대치를 경신할 것이란 전망이 나온다. 3분기 TV 6205만 대 출하…38% 급증9일 시장조사업체 트렌드포스에 따르면 3분기 세계 TV 출하량은 6205만 대다. 지난 2분기 대비 38.8%, 전년 동기 대비 12.9％ 증가했다. 트렌드포스는 “출하량 6205만 대는 분기 기준 사상 최대치”라고 밝혔다.코로나19로 억눌려 있던 소비가 살아난 영향이 크다. 지난 3~4월 북미 최대 가전 매장 ‘베스트바이’, 유럽 가전 매장 ‘미디어막트’ 등이 문을 닫으면서 TV 출하 역시 부진했다. 2분기 글로벌 TV 출하량은 4470만 대에 그쳤다.3분기 들어 북미와 유럽 등 선진 시장 중심으로 경제 활동이 재개되고 온라인 쇼핑이 새로운 트렌드로 자리잡으면서 TV 수요가 살아나기 시작했다. 이에 따라 TV업체들이 1~2분기 줄였던 TV 출하량을 3분기부터 경쟁적으로 확대했다는 게 업계 관계자들의 설명이다. 삼성전자 LG전자 공격적으로 출하삼성전자 LG전자 등 세계 TV 시장의 1, 2위를 차지하고 있는 한국 업체들의 출하량 증가율이 특히 가파르다. 삼성전자의 3분기 TV 출하량은 직전 분기 대비 67.1% 증가한 1420만 대에 달했다. LG전자는 3분기에 2분기보다 87.1% 많은 794만 대를 시장에 풀었다. 출하량 3∼5위를 차지한 중국 업체들도 직전 분기보다 3분기 출하량이 늘었다. 업체별로 TCL은 29.0％(733만 대), 하이센스는 28.2％(550만 대), 샤오미는 5.0％(338만 대) 증가했다.4분기 TV 출하량은 사상 최대치를 다시 갈아치울 것이란 전망이 우세하다. 트렌드포스가 전망한 4분기 출하량은 3분기보다 약 4% 증가한 6453만 대다. TV업체 관계자는 “미국 블랙프라이데이 등 각국의 연말 쇼핑 시즌이 몰려 있는 4분기는 전통적인 성수기”라고 설명했다. 뜨거워진 홈 프로젝터 판매 경쟁삼성과 LG가 주도하는 ‘대형 TV’에 대한 선호 현상도 강해지고 있다. 삼성전자 관계자는 “집에 머무는 시간이 늘면서 기왕이면 ‘더 큰 TV’로 영상을 시청하려는 수요가 커지고 있기 때문”이라고 분석했다.수치로도 증명된다. 시장조사업체 옴디아에 따르면 올해 70인치 이상 TV 시장 규모는 762만 대로 2019년(580만 대)보다 31.3% 커질 것으로 예상된다. 80인치 이상 TV 판매량은 올해 처음으로 100만 대를 넘어 105만 대를 기록할 전망이다.TV뿐만이 아니다. 집에서 영화관 같은 영상을 즐길 수 있게 해주는 ‘홈 시네마 프로젝터’의 인기도 치솟고 있다. 영국 시장조사업체 PMA에 따르면 세계 홈 시네마 프로젝터 시장 규모(출하량 기준)는 2020년 101만5645대에서 2024년 217만5672대로 커질 전망이다. LG전자 관계자는 “홈 시네마는 스크린 크기가 100인치 이상이고 영화관 같은 영상의 질감을 느낄 수 있다”며 “대형 TV로도 만족하지 못하는 고객들의 관심이 높아지고 있다”고 설명했다.국내 1위(1분기 기준 점유율 43%) LG전자와 지난달 9년 만에 프로젝터 시장에 다시 진출한 삼성전자의 경쟁도 달아오르고 있다. 두 회사 모두 4K(해상도 3860×2160) 화질로 120~130인치까지 화면을 키울 수 있는 프로젝터를 주력 제품으로 내놨다.황정수 기자 hjs@hankyung.com▶ #믿고 보는 #기자 '한경 기자 코너'▶ 네이버에서 한국경제 뉴스를 받아보세요▶ 모바일한경 구독신청 ⓒ 한국경제 & hankyung.com, 무단전재 및 재배포 금지한국경제 관련뉴스해당 언론사에서 선정하며 언론사 페이지(아웃링크)로 이동해 볼 수 있습니다.[단독] ""태양광 과속, 까딱하면 재앙"" 초비상월급 얄팍한데 3배 더 떼가…""돈이 안 모인다""신창원, 감옥서 검정고시 합격하더니 이번엔…'TV 수요 폭발' 삼성·LG 3개월간 전 세계에…같은 단지서 '급매' '신고가'…혼돈의 아파트시장
",https://finance.naver.com/item/news_read.nhn?article_id=0004429082&office_id=015&code=005930&page=2&sm=
22, 2020.10.09 11:06,서울경제,"삼성, 글로벌 TV 출하량 67%↑···LG도 81% 급증","
3분기 소비심리 살아나자삼성 1,420만대·LG 794만대로 1·2위[서울경제] 국내 양대 가전회사가 글로벌 시장에 출하한 TV 규모가 크게 증가했다. 신종 코로나바이러스 감염증(코로나19) 여파로 억눌렸던 소비심리가 되살아난데다 상반기 신제품의 출하시기 조정 등이 겹친 결과로 분석된다.9일 업계에 따르면 대만 시장정보업체 트렌드포스는 올해 3·4분기 글로벌 TV 출하량이 6,205만여대로 집계돼 분기별 출하량 기준 사상 최대치라고 밝혔다. 이는 직전 분기 대비 38.8％, 전년 동기 대비 12.9％ 늘어난 수치다. 코로나19로 미뤄졌던 올해 1·4분기 TV 출하 일정의 재조정과 북미 시장의 TV 수요 증가, 3·4분기 주기적 호황세 등이 복합적으로 작용한 결과로 보인다. 3·4분기 TV 출하량은 삼성전자(005930)가 1,420만여대로 가장 많았다. 이는 올해 2·4분기보다 67.1％, 지난해 동기보다 36.4％ 늘어난 수치다. LG전자(066570)는 직전 분기보다 81.7％ 많은 794만대를 3·4분기에 출하해 TV 출하량이 세계에서 두 번째로 많았다. LG전자와 삼성전자의 3·4분기 TV 출하량은 직전 분기 대비 각각 81.7％, 67.1％ 증가했다.출하량 3~5위를 차지한 중국 기업들도 직전 분기보다 3·4분기 출하량이 증가했다. TCL은 29.0％(733만대), 하이센스는 28.2％(550만대), 샤오미는 5.0％(338만대) 증가한 것으로 집계됐다. 트렌드포스는 “올해 4·4분기 TV 출하량은 3·4분기보다 4.0％ 늘어 6,453만대에 이를 것으로 보인다”고 밝혔다. TV용 패널 가격은 3·4분기에 이어 4·4분기에도 증가세를 보일 것으로 예상됐다./이수민기자 noenemy@sedaily.com[서울경제 바로가기]▶ 상위 1%가 선택한 오늘의 PICK은 [주식 초고수는 지금]▶ 네이버 채널에서 '서울경제' 구독해주세요!저작권자 ⓒ 서울경제, 무단 전재 및 재배포 금지서울경제 관련뉴스해당 언론사에서 선정하며 언론사 페이지(아웃링크)로 이동해 볼 수 있습니다.""푸틴 '숨겨진 연인'은 러시아 체조 여왕...쌍둥이 출산 후 종적 감춰""달님 보며 ""집 살길 안보여""···기안84, 이번엔 文정권 때리기?日 렉서스, 美 고급차 시장서 독일 꺾고 첫 1위... 제네시스 꼴찌'철밥통' 30대 은행원이 공인중개사 공부하는 사연은?'金값' 배춧값에 김치 품귀···쇼핑몰 포기김치 사라지고 '품절'
",https://finance.naver.com/item/news_read.nhn?article_id=0003808417&office_id=011&code=005930&page=2&sm=
23, 2020.10.09 08:01,매일경제,"트렌드포스 ""3분기 TV 출하량, LG 82％↑·삼성 67％↑""…4분...","
LG전자와 삼성전자의 3분기 TV 출하량이 직전 분기 대비 각각 81.7％, 67.1％ 증가했다는 분석 결과가 나왔다.9일 업계에 따르면 대만 시장정보업체 트렌드포스는 올해 3분기 글로벌 TV 출하량이 6205만여대로 집계돼 분기별 출하량 기준 사상 최대치라고 밝혔다.이는 직전 분기 대비 38.8％, 전년 동기 대비 12.9％ 늘어난 수치다. 트렌드포스는 코로나19로 미뤄졌던 올해 1분기 TV 출하 일정의 재조정과 북미 시장 TV 수요 증가, 3분기 성수기 등이 복합적으로 작용한 결과라고 분석했다.트렌드포스 집계에 따르면 3분기 TV 출하량은 삼성전자가 1420여만대로 가장 많았다. 이는 올해 2분기보다 67.1％, 작년 동기보다 36.4％ 늘어난 수치다.LG전자는 직전 분기보다 81.7％ 많은 794만대를 3분기에 출하해 TV 출하량이 세계에서 두 번째로 많았다.트렌드포스는""올해 4분기 TV 출하량은 3분기보다 4％ 늘어 6453만대에 이를 것으로 보인다""고 밝혔다.[이상규 기자 boyondal@mkinternet.com]▶ 네이버 메인에서 '매일경제'를 받아보세요▶ 궁금한 제조과정 영상으로 보세요. '이렇게 만들죠'▶ 매일매일 색다른 뉴스레터 '매콤달콤' 구독하세요[ⓒ 매일경제 & mk.co.kr, 무단전재 및 재배포 금지]매일경제 관련뉴스해당 언론사에서 선정하며 언론사 페이지(아웃링크)로 이동해 볼 수 있습니다.설탕 뺀 '웰빙 버터커피' 내놓자…초보 창업자에 수억원 투자금""차 바꿀까""…국감 와중에 '소환 조사' 문자 주고받은 김홍걸임이지(이해인), 핫케이크보다 HOT한 섹시 의상샤넬이 24만원?…비대면 거래 늘자 짝퉁도 활개이훈희 본부장 ""나훈아 섭외, 쉽지만은 않았다""
",https://finance.naver.com/item/news_read.nhn?article_id=0004671135&office_id=009&code=005930&page=2&sm=
24, 2020.10.09 07:56,아시아경제,"'코로나 보복소비' 삼성·LG, 3분기 TV출하량 급증","
TV, modern flat screen lcd, led.[아시아경제 이창환 기자] 삼성전자와 LG전자의 3분기 TV 출하량이 크게 증가한 것으로 나타났다.9일 시장조사업체 트렌드포스에 따르면 3분기 LG전자의 TV 출하량이 전분기 대비 81.7%, 삼성전자는 67.1% 증가했다.트렌드포스는 올해 3분기 글로벌 TV 출하량이 6205만여대로 집계돼 분기별 출하량 기준 사상 최대치라고 밝혔다.이는 직전 분기 대비 38.8％, 전년 동기 대비 12.9％ 늘어난 수치다.트렌드포스는 신종 코로나바이러스감염증(코로나19)으로 미뤄졌던 올해 1분기 TV 출하 일정의 재조정과 북미 시장의 TV 수요 증가, 3분기 주기적 호황세 등이 복합적으로 작용한 결과라고 분석했다. 업체별 출하량은 삼성전자가 1420만대로 가장 많았고 LG전자는 794만대로 2위였다.이창환 기자 goldfish@asiae.co.kr▶ 2020년 하반기, 재물운·연애운·건강운 체크!▶ 네이버에서 아시아경제 뉴스를 받아보세요▶ 요즘 트렌드 모아보고 싶을 땐 '드링킷'<ⓒ경제를 보는 눈, 세계를 보는 창 아시아경제 무단전재 배포금지>아시아경제 관련뉴스해당 언론사에서 선정하며 언론사 페이지(아웃링크)로 이동해 볼 수 있습니다.'54억 차익' 전지현 단독주택 누가 샀나했더니""양쪽 귀 찔린 흔적""…'나는 자연인이다' 심마니 의문의 죽음'62세 싱글남'의 일상…주병진 ""항상 외롭다"" 고백'이런거 못봤지.wmv' 국회에 등장한 '야동'…발칵일본라면도 제치고 1위…""韓라면 자존심 세웠다""
",https://finance.naver.com/item/news_read.nhn?article_id=0004769214&office_id=277&code=005930&page=2&sm=
25, 2020.10.09 14:17,서울경제,"이재용 삼성전자 부회장, 준법위 만나 ""대국민 선언 꼭 지킬 것""","
무노조 경영·자녀 경영권 승계 포기 등지난 5월 대국민 선언 내용 재차 강조이재용 삼성전자 부회장/연합뉴스[서울경제] 이재용 삼성전자(005930) 부회장이 그룹 계열사의 준법 경영 여부를 감시하는 외부 감시기구인 삼성준법감시위원회(준법위)와 만나 지난 5월 대국민 선언을 통해 약속한 ‘무노조 경영’ 등을 지키겠다고 다시 한번 강조했다.9일 준법위에 따르면 이 부회장은 지난 8일 서울 서초구 삼성생명 서초타워에서 열린 정기회의에 참석해 위원들과 1시간가량 면담했다. 이 자리에서 이 부회장은 “준법위의 독립적인 활동과 권고안에 대한 책임 있는 이행 등은 국민들에게도 공개적으로 약속한 사항”이라며 “이에 대해 앞으로 확실하게 이행해 나갈 것”이라고 말한 것으로 전해졌다. 또한 이 부회장은 “앞으로도 자주 이 같은 소통의 자리를 마련하자”는 뜻을 밝혔다. 회의에 참석한 위원들도 한 명씩 돌아가면서 이 부회장에게 무노조 경영 폐기 등 그동안 준법위가 삼성 측에 권고했던 내용에 대해 책임감 있는 이행을 재차 당부한 것으로 알려졌다.앞서 이 부회장은 지난 5월 6일 대국민 선언을 통해 “이제는 ‘경영권 승계’ 문제로 더는 논란이 생기지 않도록 하겠다”며 자녀들에게 회사 경영권을 물려주지 않겠다고 밝혔다. 여기에는 무노조 경영을 없애고 노동권을 확실히 보장하겠다는 내용도 포함됐다. 준법위 위원들과 이 부회장의 이날 만남은 “이 부회장과 직접 만나 대화를 나눌 수 있는 시간이 필요하다”는 준법위의 요구에 이 부회장이 응하면서 이뤄졌다. 올해 초부터 면담 이야기는 오갔지만 신종 코로나바이러스 감염증(코로나19) 사태 등을 이유로 미뤄진 것으로 전해졌다. 이재용 삼성전자 부회장이 지난 5월 6일 서울 서초구 삼성전자 서초사옥에서 경영권 승계 관련 대국민 사과를 하고 있다./오승현기자올 2월 5일 출범한 준법위는 위원장을 맡은 김 전 대법관과 시민단체, 교수, 법조계 출신인 5명의 위원으로 구성돼 있다. 준법위는 국정농단 사건 관련 이 부회장의 파기환송심 재판을 맡은 서울고법 형사1부가 지난해 12월 이 부회장에게 “정치권력으로부터 뇌물 요구를 받더라도 응하지 않기 위한 방안을 제시해 달라”고 주문한 이후 만들어졌다. 준법는 이 부회장을 포함한 삼성 주요 7개 계열사 최고경영진과 삼성 내부의 준법감시 조직 등을 감시하는 업무를 맡고 있다. /이수민기자 noenemy@sedaily.com[서울경제 바로가기]▶ 상위 1%가 선택한 오늘의 PICK은 [주식 초고수는 지금]▶ 네이버 채널에서 '서울경제' 구독해주세요!저작권자 ⓒ 서울경제, 무단 전재 및 재배포 금지서울경제 관련뉴스해당 언론사에서 선정하며 언론사 페이지(아웃링크)로 이동해 볼 수 있습니다.日 렉서스, 美 고급차 시장서 독일 꺾고 첫 1위... 제네시스 꼴찌4억 떨어졌다던 '반포자이' 84㎡···실제론 얼마에 팔렸나 봤더니'철밥통' 30대 은행원이 공인중개사 공부하는 사연은?수업 중 성적 욕설에 동료 교사 모함까지···'막장교사' 결국광역시도 ""전세 없어요""···울산·대전·인천·대구 가보니
",https://finance.naver.com/item/news_read.nhn?article_id=0003808499&office_id=011&code=005930&page=2&sm=
26, 2020.10.09 12:57,이데일리,[국감 이모저모]'원조 저격수' 박영선 앞에서 삼성 저격한 류호정,"
류호정 의원, 8일 중기부 국감서 삼성전자 中企 기술탈취 의혹 제기원조 '삼성 저격수' 박영선 장관도 ""착잡하다"" 소감정의당 류호정 의원이 7일 오후 서울 여의도 국회에서 열린 국회 산업통상자원중소벤처기업위원회의 산업통상자원부에 대한 2020년 국정감사에서 질의를 하고 있다. (사진=연합뉴스)[이데일리 김호준 기자] 지난 8일 열린 중소벤처기업부 국정감사에서 류호정 정의당 의원이 삼성전자의 중소기업 기술탈취 의혹을 제기하며 ‘신예 저격수’로 떠올랐다. 의원 시절 ‘삼성 저격수’로 불린 박영선 중기부 장관도 류 의원이 소감을 묻자 “착잡하다”며 안타까움을 표시했다.류호정 의원은 이날 국회 산업통상자원중소벤처기업위원회의 중기부 국정감사에서 삼성전자 측 증인으로 출석한 이종민 상생협력센터 상무에게 삼성전자의 중소기업 기술탈취 여부를 집요하게 캐물었다. 류 의원은 삼성전자가 스마트폰 액정에 기포 없이 필름을 붙일 수 있는 한 중소기업의 기술을 타 협력업체에 건네주고, 이를 낮은 단가로 납품을 지시한 의혹이 있다고 주장했다.국정감사장에서 류 의원은 기술 탈취를 당했다고 주장하는 업체 대표의 하소연을 담은 동영상과 제품 시연 영상을 재생하고, 해당 업체의 제품과 삼성전자 협력업체의 제품을 비교해 보여주는 등 다양한 시·청각 자료를 선보이기도 했다.삼성전자 측은 “기술탈취가 아니다”, “재료가 다르다”라며 자사 서비스센터에서 필요해 해당 기술을 개발하게 됐다고 반박했다.그러자 류 의원은 해당 업체 대표와 삼성전자 협력업체 관계자가 통화한 녹취를 공개하면서 “말장난하지 마라. 그게 기술탈취 아니냐”며 언성을 높이기도 했다. 류 의원이 공개한 녹취록에는 협력업체가 제품 샘플을 삼성전자로부터 제공받아 기술개발을 진행하게 됐다는 취지의 내용이 담겨 있었다.류 의원은 또 삼성전자가 해당 업체에 요구한 합의서도 공개했다. 류 의원은 합의서에 ‘발명권자 독자적으로 개발한 기술을 양사가 협력해서 하는 것으로 하자’, ‘국내·외 특허 침해 행위가 있었더라도 책임을 묻지 말자’ 등 내용을 담고 있다고 주장하면서 “불공정 계약도 이런 불공정 계약이 없다”고 했다.끝으로 류 의원은 질의를 마치며 박영선 중기부 장관과 김용래 특허청장에게 중소기업 기술탈취 문제 개선을 위한 대책을 당부했다. 박영선 장관은 류 의원에게 “착잡하다”고 말하며 이 같은 상황에 안타까움을 드러냈다.김호준 (kazzyy@edaily.co.kr)▶ #24시간 빠른 #미리보는 뉴스 #eNews+▶ 네이버에서 '이데일리 뉴스'를 만나보세요▶ 빡침해소, 청춘뉘우스 '스냅타임'＜ⓒ종합 경제정보 미디어 이데일리 - 무단전재 & 재배포 금지＞이데일리 관련뉴스해당 언론사에서 선정하며 언론사 페이지(아웃링크)로 이동해 볼 수 있습니다.울산 화재 '드라이비트'가 키웠나…제천·밀양 화재와 같아생후 10개월 아이, 성폭행으로 사망…범인은 '친아빠'렌터카로 사람 치고 줄행랑…10대들의 '무법 질주'박원숙 ""故 최진실, 새벽 2시에 전화 와…그게 마지막 통화""""조용히 속죄하며 마무리하고 싶다""…신창원이 보낸 편지
",https://finance.naver.com/item/news_read.nhn?article_id=0004755177&office_id=018&code=005930&page=2&sm=
27, 2020.10.09 11:01,이데일리,"삼성 ‘더 프레임’, 한국 신진 작가들 작품 담는다","
‘유니온아트페어’서 더 프레임 통해 미술 작품 선보여참여 작품 22점은 더 프레임 ‘아트 스토어’에 소개[이데일리 피용익 기자] 삼성전자(005930)가 9일부터 13일까지 현대 미술 작가들의 축제인 ‘2020 유니온아트페어 online/extra value’에 참여해 ‘더 프레임(The Frame)’ TV를 활용한 작품 전시를 진행한다.올해로 5회를 맞이하는 유니온아트페어는 신진 작가들을 한 자리에서 만날 수 있는 ‘작가 직거래 장터’로, 작가들 스스로 시장을 개척한다는 취지로 기획된 행사다. 2020 유니온아트페어는 서울 영등포구 문래동에 위치한 문래예술창작촌 내 7개 장소에서 진행되며, 80여 명의 작가들이 참여한다.삼성전자는 문래예술창작촌 내 스페이스엑스엑스(space xx)에서 더 프레임 3대를 활용해 출품작들을 디지털 아트 형식으로 선보인다.또한, 증강현실(AR)ㆍ가상현실(VR) 기술 기반의 버추얼 갤러리 체험 공간을 마련해 더 프레임의 대형 화면으로 전시 작품들의 디테일을 다양한 시점에서 감상할 수 있도록 했다. 삼성전자는 더 프레임의 ‘아트 스토어’를 통해 전 세계 소비자들에게 2020 유니온아트페어 참여 작가 13인의 작품 22점도 소개한다. 더 프레임 아트 스토어는 비엔나의 알베르티나 박물관, 마드리드의 프라도 미술관, 피렌체의 우피치 미술관, 상트페테르부르크의 에르미타주 미술관, 암스테르담의 반 고흐 미술관 등 전 세계 유명 미술관ㆍ갤러리가 소장한 1200점 이상의 작품을 4K 화질로 제공하는 디지털 아트 유통 플랫폼이다. 추종석 삼성전자 영상디스플레이사업부 부사장은 “더 프레임은 일반 TV 개념을 넘어 글로벌 아트 유통 플랫폼으로 평가 받고 있는 혁신 제품”이라며 “더 프레임만의 차별화된 기능을 바탕으로 미술관, 작가들과의 지속적 협업을 통해 소비자들에게 다양한 경험을 제공할 것”이라고 말했다. 삼성전자 모델이 서울 문래동에 위치한 스페이스엑스엑스에서 더 프레임을 통해 신진 작가들의 작품을 소개하고 있다. (사진=삼성전자)피용익 (yoniki@edaily.co.kr)▶ #24시간 빠른 #미리보는 뉴스 #eNews+▶ 네이버에서 '이데일리 뉴스'를 만나보세요▶ 빡침해소, 청춘뉘우스 '스냅타임'＜ⓒ종합 경제정보 미디어 이데일리 - 무단전재 & 재배포 금지＞이데일리 관련뉴스해당 언론사에서 선정하며 언론사 페이지(아웃링크)로 이동해 볼 수 있습니다.울산 화재 '드라이비트'가 키웠나…제천·밀양 화재와 같아스텔라 가영 ""19금 콘셉트 강요…억지로 '끈 의상' 입혀""렌터카로 사람 치고 줄행랑…10대들의 '무법 질주'박원숙 ""故 최진실, 새벽 2시에 전화 와…그게 마지막 통화""""조용히 속죄하며 마무리하고 싶다""…신창원이 보낸 편지
",https://finance.naver.com/item/news_read.nhn?article_id=0004755147&office_id=018&code=005930&page=2&sm=
28, 2020.10.09 11:00,매일경제,"삼성전자, 현대 미술 작가들의 축제 `2020 유니온아트페어` 참가","
`더 프레임` TV  활용, 국내 신진 작가 작품 소개삼성전자 모델이 서울 문래동에 위치한 스페이스엑스엑스에서 더 프레임을 통해 신진 작가들의 작품을 소개하고 있다. [사진제공 = 삼성전자]삼성전자가 9일부터 13일까지 현대 미술 작가들의 축제인 '2020 유니온아트페어 online/ extra value(이하 2020 유니온아트페어)'에 참여해 '더 프레임(The Frame)' TV를 활용한 작품 전시를 진행한다. 올해로 5회를 맞이하는 유니온아트페어는 신진 작가들을 한 자리에서 만날 수 있는 '작가 직거래 장터'로, 작가들 스스로 시장을 개척한다는 취지로 기획된 행사다. 2020 유니온아트페어는 서울 영등포구 문래동에 위치한 문래예술창작촌 내 7개 장소에서 진행되며, 80여 명의 작가들이 참여한다.삼성전자는 문래예술창작촌 내 스페이스엑스엑스(space xx)에서 더 프레임 3대를 활용해 출품작들을 디지털 아트 형식으로 선보인다.또한 AR·VR 기술 기반의 버추얼 갤러리 체험 공간을 마련해 더 프레임의 대형 화면으로 전시 작품들의 디테일을 다양한 시점에서 감상할 수 있도록 했다. 삼성전자는 더 프레임의 '아트 스토어'를 통해 전 세계 소비자들에게 2020 유니온아트페어 참여 작가 13인의 작품 22점도 소개한다. 더 프레임 아트 스토어는 비엔나의 알베르티나 박물관, 마드리드의 프라도 미술관, 피렌체의 우피치 미술관, 상트페테르부르크의 에르미타주 미술관, 암스테르담의 반 고흐 미술관 등 전 세계 유명 미술관·갤러리가 소장한 1200점 이상의 작품을 4K 화질로 제공하는 디지털 아트 유통 플랫폼이다. 삼성전자 영상디스플레이사업부 추종석 부사장은 ""더 프레임은 일반 TV 개념을 넘어 글로벌 아트 유통 플랫폼으로 평가 받고 있는 혁신 제품""이라며 ""더 프레임만의 차별화된 기능을 바탕으로 미술관, 작가들과의 지속적 협업을 통해 소비자들에게 다양한 경험을 제공할 것""이라고 말했다. [이상규 기자 boyondal@mkinternet.com]▶ 네이버 메인에서 '매일경제'를 받아보세요▶ 궁금한 제조과정 영상으로 보세요. '이렇게 만들죠'▶ 매일매일 색다른 뉴스레터 '매콤달콤' 구독하세요[ⓒ 매일경제 & mk.co.kr, 무단전재 및 재배포 금지]매일경제 관련뉴스해당 언론사에서 선정하며 언론사 페이지(아웃링크)로 이동해 볼 수 있습니다.설탕 뺀 '웰빙 버터커피' 내놓자…초보 창업자에 수억원 투자금""차 바꿀까""…국감 와중에 '소환 조사' 문자 주고받은 김홍걸임이지(이해인), 핫케이크보다 HOT한 섹시 의상이훈희 본부장 ""나훈아 섭외, 쉽지만은 않았다""장윤정, 1년 주유비만 2억5천만원? 알고보니…
",https://finance.naver.com/item/news_read.nhn?article_id=0004671202&office_id=009&code=005930&page=2&sm=
29, 2020.10.09 11:06,서울경제,"삼성, 글로벌 TV 출하량 67%↑···LG도 81% 급증","
3분기 소비심리 살아나자삼성 1,420만대·LG 794만대로 1·2위[서울경제] 국내 양대 가전회사가 글로벌 시장에 출하한 TV 규모가 크게 증가했다. 신종 코로나바이러스 감염증(코로나19) 여파로 억눌렸던 소비심리가 되살아난데다 상반기 신제품의 출하시기 조정 등이 겹친 결과로 분석된다.9일 업계에 따르면 대만 시장정보업체 트렌드포스는 올해 3·4분기 글로벌 TV 출하량이 6,205만여대로 집계돼 분기별 출하량 기준 사상 최대치라고 밝혔다. 이는 직전 분기 대비 38.8％, 전년 동기 대비 12.9％ 늘어난 수치다. 코로나19로 미뤄졌던 올해 1·4분기 TV 출하 일정의 재조정과 북미 시장의 TV 수요 증가, 3·4분기 주기적 호황세 등이 복합적으로 작용한 결과로 보인다. 3·4분기 TV 출하량은 삼성전자(005930)가 1,420만여대로 가장 많았다. 이는 올해 2·4분기보다 67.1％, 지난해 동기보다 36.4％ 늘어난 수치다. LG전자(066570)는 직전 분기보다 81.7％ 많은 794만대를 3·4분기에 출하해 TV 출하량이 세계에서 두 번째로 많았다. LG전자와 삼성전자의 3·4분기 TV 출하량은 직전 분기 대비 각각 81.7％, 67.1％ 증가했다.출하량 3~5위를 차지한 중국 기업들도 직전 분기보다 3·4분기 출하량이 증가했다. TCL은 29.0％(733만대), 하이센스는 28.2％(550만대), 샤오미는 5.0％(338만대) 증가한 것으로 집계됐다. 트렌드포스는 “올해 4·4분기 TV 출하량은 3·4분기보다 4.0％ 늘어 6,453만대에 이를 것으로 보인다”고 밝혔다. TV용 패널 가격은 3·4분기에 이어 4·4분기에도 증가세를 보일 것으로 예상됐다./이수민기자 noenemy@sedaily.com[서울경제 바로가기]▶ 상위 1%가 선택한 오늘의 PICK은 [주식 초고수는 지금]▶ 네이버 채널에서 '서울경제' 구독해주세요!저작권자 ⓒ 서울경제, 무단 전재 및 재배포 금지서울경제 관련뉴스해당 언론사에서 선정하며 언론사 페이지(아웃링크)로 이동해 볼 수 있습니다.""푸틴 '숨겨진 연인'은 러시아 체조 여왕...쌍둥이 출산 후 종적 감춰""달님 보며 ""집 살길 안보여""···기안84, 이번엔 文정권 때리기?日 렉서스, 美 고급차 시장서 독일 꺾고 첫 1위... 제네시스 꼴찌'철밥통' 30대 은행원이 공인중개사 공부하는 사연은?'金값' 배춧값에 김치 품귀···쇼핑몰 포기김치 사라지고 '품절'
",https://finance.naver.com/item/news_read.nhn?article_id=0003808417&office_id=011&code=005930&page=2&sm=
30, 2020.10.09 08:01,매일경제,"트렌드포스 ""3분기 TV 출하량, LG 82％↑·삼성 67％↑""…4분...","
LG전자와 삼성전자의 3분기 TV 출하량이 직전 분기 대비 각각 81.7％, 67.1％ 증가했다는 분석 결과가 나왔다.9일 업계에 따르면 대만 시장정보업체 트렌드포스는 올해 3분기 글로벌 TV 출하량이 6205만여대로 집계돼 분기별 출하량 기준 사상 최대치라고 밝혔다.이는 직전 분기 대비 38.8％, 전년 동기 대비 12.9％ 늘어난 수치다. 트렌드포스는 코로나19로 미뤄졌던 올해 1분기 TV 출하 일정의 재조정과 북미 시장 TV 수요 증가, 3분기 성수기 등이 복합적으로 작용한 결과라고 분석했다.트렌드포스 집계에 따르면 3분기 TV 출하량은 삼성전자가 1420여만대로 가장 많았다. 이는 올해 2분기보다 67.1％, 작년 동기보다 36.4％ 늘어난 수치다.LG전자는 직전 분기보다 81.7％ 많은 794만대를 3분기에 출하해 TV 출하량이 세계에서 두 번째로 많았다.트렌드포스는""올해 4분기 TV 출하량은 3분기보다 4％ 늘어 6453만대에 이를 것으로 보인다""고 밝혔다.[이상규 기자 boyondal@mkinternet.com]▶ 네이버 메인에서 '매일경제'를 받아보세요▶ 궁금한 제조과정 영상으로 보세요. '이렇게 만들죠'▶ 매일매일 색다른 뉴스레터 '매콤달콤' 구독하세요[ⓒ 매일경제 & mk.co.kr, 무단전재 및 재배포 금지]매일경제 관련뉴스해당 언론사에서 선정하며 언론사 페이지(아웃링크)로 이동해 볼 수 있습니다.설탕 뺀 '웰빙 버터커피' 내놓자…초보 창업자에 수억원 투자금""차 바꿀까""…국감 와중에 '소환 조사' 문자 주고받은 김홍걸임이지(이해인), 핫케이크보다 HOT한 섹시 의상샤넬이 24만원?…비대면 거래 늘자 짝퉁도 활개이훈희 본부장 ""나훈아 섭외, 쉽지만은 않았다""
",https://finance.naver.com/item/news_read.nhn?article_id=0004671135&office_id=009&code=005930&page=2&sm=
31, 2020.10.09 07:56,아시아경제,"'코로나 보복소비' 삼성·LG, 3분기 TV출하량 급증","
TV, modern flat screen lcd, led.[아시아경제 이창환 기자] 삼성전자와 LG전자의 3분기 TV 출하량이 크게 증가한 것으로 나타났다.9일 시장조사업체 트렌드포스에 따르면 3분기 LG전자의 TV 출하량이 전분기 대비 81.7%, 삼성전자는 67.1% 증가했다.트렌드포스는 올해 3분기 글로벌 TV 출하량이 6205만여대로 집계돼 분기별 출하량 기준 사상 최대치라고 밝혔다.이는 직전 분기 대비 38.8％, 전년 동기 대비 12.9％ 늘어난 수치다.트렌드포스는 신종 코로나바이러스감염증(코로나19)으로 미뤄졌던 올해 1분기 TV 출하 일정의 재조정과 북미 시장의 TV 수요 증가, 3분기 주기적 호황세 등이 복합적으로 작용한 결과라고 분석했다. 업체별 출하량은 삼성전자가 1420만대로 가장 많았고 LG전자는 794만대로 2위였다.이창환 기자 goldfish@asiae.co.kr▶ 2020년 하반기, 재물운·연애운·건강운 체크!▶ 네이버에서 아시아경제 뉴스를 받아보세요▶ 요즘 트렌드 모아보고 싶을 땐 '드링킷'<ⓒ경제를 보는 눈, 세계를 보는 창 아시아경제 무단전재 배포금지>아시아경제 관련뉴스해당 언론사에서 선정하며 언론사 페이지(아웃링크)로 이동해 볼 수 있습니다.'54억 차익' 전지현 단독주택 누가 샀나했더니""양쪽 귀 찔린 흔적""…'나는 자연인이다' 심마니 의문의 죽음'62세 싱글남'의 일상…주병진 ""항상 외롭다"" 고백'이런거 못봤지.wmv' 국회에 등장한 '야동'…발칵일본라면도 제치고 1위…""韓라면 자존심 세웠다""
",https://finance.naver.com/item/news_read.nhn?article_id=0004769214&office_id=277&code=005930&page=2&sm=
